name,author,ED,EG,D,G,C,P,EU,O
Europ√©ennes: Bardella a-t-il tu√© le match ?,BFMTV,1,0,0,0,0,1,1,0
D√©bat G. Attal / J. Bardella - Replay du 20H de TF1,Le Figaro,1,0,1,1,0,1,1,0
Europ√©ennes: le premier d√©bat entre Jordan Bardella et Val√©rie Hayer en int√©gralit√©,Public S√©nat,1,0,0,0,1,1,1,0
Jordan Bardella : L Europe doit mettre fin √† une forme de na√Øvet√© √† l √©gard de la mondialisation,BFMTV,1,0,0,0,0,1,1,0
L union fait la France !,Le Figaro,1,0,0,0,0,1,1,0
Jordan Bardella IMPLACABLE sur l ins√©curit√© ! | Apolline Matin,Le Figaro,1,0,0,0,0,1,1,0
üî¥ EN DIRECT - Jordan Bardella face aux Grandes Gueules,Public S√©nat,1,0,0,0,0,1,1,0
üî¥ DIRECT - L int√©grale de l interview de Jordan Bardella,T√©l√© Matin,1,0,0,0,0,1,1,0
Jordan Bardella r√©pond √† Eric Dupond-Moretti sur le tacle √† Marine Le Pen !,Le Figaro,1,0,0,0,0,1,1,0
"Jordan Bardella face √† Pascal Praud : Drame de Cr√©pol, traitement m√©diatique, vie priv√©e...",BFMTV,1,0,0,0,0,1,1,0
Europ√©ennes: l int√©gralit√© du discours de Jordan Bardella lors du lancement de la campagne du RN,Le Figaro,1,0,0,0,0,1,1,0
Jordan Bardella : quel bilan au Parlement europ√©en ? - C √† vous,T√©l√© Matin,1,0,0,0,0,1,1,0
Jordan Bardella : Il faut mettre en place une politique dissuasive d immigration,Public S√©nat,1,0,0,0,0,1,1,0
Jordan Bardella : quel bilan au Parlement europ√©en ? - C √† vous,Le Figaro,1,0,0,0,0,1,1,0
Suivez en direct le lancement de la campagne des europ√©ennes avec Marine Le Pen et Jordan Bardella,BFMTV,1,0,0,0,0,1,1,0
Conf√©rence de presse : pr√©sentation des axes de campagne.,TF1 INFO,1,0,0,0,0,1,1,0
Jordan Bardella interpelle Emmanuel Macron au Parlement europ√©en !,France Inter,1,0,0,0,0,1,1,0
Jordan Bardella : L Union Europ√©enne menace les int√©r√™ts de la France,BFMTV,1,0,0,0,0,1,1,0
D√©bat des europ√©ennes : tous contre Bardella,RMC,1,0,0,0,0,1,1,0
Europ√©ennes : les cinq astuces rh√©toriques de Jordan Bardella,RMC,1,0,0,0,0,1,1,0
La r√©ponse de Jordan Bardella √† √âric Dupond-Moretti : Il se comporte comme un chef de gang,Le Figaro,1,0,0,0,0,1,1,0
"Chaque attentat est une bataille qui est perdue, d√©nonce Jordan Bardella invit√© du 20H de TF1",LCI,1,0,0,0,0,1,1,0
Guillaume Bigot - D√©bat face √† Jordan Bardella : C √©tait un naufrage pour Val√©rie Hayer,Le Figaro,1,0,0,0,1,1,1,0
Jordan Bardella a-t-il r√©ussi le test face √† Val√©rie Hayer ?,Public S√©nat,1,0,0,0,1,1,1,0
"AFFAIRE NAHEL : UNE FRANCE EN PLEINE GUERRE CIVILE ? JORDAN BARDELLA, PR√âSIDENT DU RN, R√âPOND",Apolline Matin,1,0,0,0,0,1,1,0
Le face-√†-face virulent entre Yassine Belattar et Jordan Bardella dans Balance Ton Post,LCI,1,0,0,0,0,1,1,0
Face-√†-Face : Jordan Bardella,Le Figaro,1,0,0,0,0,1,1,0
Jordan Bardella : Pourquoi il les d√©passe ?,Apolline Matin,1,0,0,0,0,1,1,0
Jordan Bardella critique ouvertement Emmanuel Macron !,LCI,1,0,0,0,0,1,1,0
Un d√©bat entre Jordan Bardella et Gabriel Attal aura lieu sur France 2 jeudi 23 mai,Le Figaro,1,0,0,0,1,1,1,0
Europ√©ennes : Bardella et Hayer s affrontent sur fond de questions europ√©ennes et d immigration,Apolline Matin,1,0,0,0,1,1,1,0
"Jordan Bardella au z√©nith dans les sondages : Trop haut, trop t√¥t ?",France Inter,1,0,0,0,0,1,1,0
Europ√©ennes: suivez le grand d√©bat entre Jordan Bardella et Manuel Valls,Le Figaro,1,0,0,1,0,1,1,0
"La France d abord, l Europe ensuite : Jordan Bardella invit√© du 20H",France Inter,1,0,0,1,0,1,1,0
Rapha√´l Glucksmann : On fait la m√™me erreur avec Xi Jinping qu avec Vladimir Poutine,BFMTV,0,0,0,1,0,1,1,0
Le pr√©sident chinois Xi Jinping en France : Il ne faut pas le traiter en ami,Public S√©nat,0,0,0,1,0,1,1,0
La France est √† la tra√Æne sur l aide √† l Ukraine : l interview en int√©gralit√© de Rapha√´l Glucksmann,T√©l√© Matin,0,0,0,1,0,1,1,0
Rapha√´l Glucksmann : Le gouvernement Netanyahou n offre aucune perspective aux palestiniens,Le Figaro,0,0,0,1,0,1,1,0
"GLUCKSMANN CHAHUT√â, M√âLENCHON ACCUS√â : IL Y A T-IL ¬´ DEUX GAUCHES ¬ªIRR√âCONCILIABLES ?",LCI,0,1,0,1,0,1,1,0
Le pr√©sident chinois Xi Jinping en France : Il ne faut pas le traiter en ami.,Apolline Matin,0,0,0,1,0,1,1,0
"GAZA, PARIS EST AVEC TOI : AU-DEL√Ä DE LA POL√âMIQUE GLUCKSMANN, LE VRAI VISAGE DU D√âFIL√â DU 1ER MAI",Europe 1,0,0,0,1,0,1,1,0
"Rapha√´l Glucksmann, socialiste isol√© en Europe - Patrick Cohen - C √† vous - 02/05/2024",Europe 1,0,0,0,1,0,1,1,0
R.Glucksmann r√©pond √† Tom Benoit en direct √† propos de l‚Äôutilisation de l‚Äô√©pargne priv√©e par l‚ÄôUE,Le Figaro,0,0,0,1,0,1,1,0
Face aux Territoires ¬ª avec Rapha√´l Glucksmann,RMC,0,0,0,1,0,1,1,0
"Bardella, Glucksmann : les visages souriants de l‚Äôanti-macronisme",France Inter,1,0,0,1,0,1,1,0
Europ√©ennes : bient√¥t Glucksmann devant Hayer ?,Le Figaro,0,0,0,1,0,1,1,0
Sciences Po : Rapha√´l Glucksmann veut une √©vacuation des √©tudiants ! | Apolline Matin,T√©l√© Matin,0,0,0,1,0,1,1,0
Europ√©ennes : Rapha√´l Glucksmann talonne Val√©rie Hayer,RMC,0,0,0,1,1,1,1,0
Europ√©ennes : la perc√©e Glucksmann - Reportage #cdanslair 16.04.2024,Le Figaro,0,0,0,1,0,1,1,0
"L √©chapp√©e Bardella, la remontada Glucksmann - Reportage #cdanslair",LCI,1,0,0,1,0,1,1,0
√âlections europ√©ennes - Rapha√´l Glucksmann est-il le candidat qui inqui√®te Emmanuel Macron ?,Europe 1,0,0,0,1,0,1,1,0
EUROP√âENNES : A QUOI SERT GLUCKSMANN ?,T√©l√© Matin,0,0,0,1,0,1,1,0
Qui a peur de Rapha√´l Glucksmann ?,Le Figaro,0,0,0,1,0,1,1,0
Rapha√´l Glucksmann: Nous voulons apporter un grand plan de financement pour cette transition,France Inter,0,0,0,1,0,1,1,0
"Europ√©ennes: Rapha√´l Glucksmann, le candidat qui inqui√®te la macronie",Le Figaro,0,0,0,1,0,1,1,0
R√©veillez l Europe : Rapha√´l Glucksmann entre dans la course aux Europ√©ennes ‚Ä¢ FRANCE 24,BFMTV,0,0,0,1,0,1,1,0
La mise en garde gla√ßante de Rapha√´l Glucksmann ! | Apolline Matin,RMC,0,0,0,1,0,1,1,0
Rapha√´l Glucksmann/CNews : Des gens ont rehauss√© les murs (Joseph Mac√©-Scaron),Le Figaro,0,0,0,1,0,1,1,0
"Delors est mort, vive Glucksmann ! le malentendu social-d√©mocrate sur l‚ÄôEurope",Public S√©nat,0,0,0,1,0,1,1,0
"Ruffin/Glucksmann, 2 gauches irr√©conciliables ? - Alexis Lacroix",Public S√©nat,0,0,0,1,0,1,1,0
"Exfiltr√© d‚Äôun d√©fil√© du 1er mai, Rapha√´l Glucksmann r√©agit  - C √† Vous",Le Figaro,0,0,0,1,0,1,1,0
"Xi Jinping n est pas notre ami, explique Rapha√´l Glucksmann",BFMTV,0,0,0,1,0,1,1,0
Demain l Europe avec Rapha√´l Glucksmann,Le Figaro,0,0,0,1,0,1,1,0
Les 4 v√©rit√©s - Rapha√´l Glucksmann,Le Figaro,0,0,0,1,0,1,1,0
VLOG : dans les coulisses du Parlement europ√©en,Rapha√´l Glucksmann,0,0,0,1,0,1,1,0
LES 5 LIVRES QUI ONT MARQU√â MA VIE,Rapha√´l Glucksmann,0,0,0,1,0,1,1,0
RAPHA√ãL GLUCKSMANN : UN AUTRE MACRON EST POSSIBLE,Rapha√´l Glucksmann,0,0,0,1,0,1,1,0
L UNION EUROP√âENNE S EST COUCH√âE DEVANT LES LABOS PHARMACEUTIQUES,Manon Aubry,0,1,0,0,0,1,1,0
LA R√âACTION D EMMANUEL MACRON EST CELLE D UN ENFANT G√ÇT√â - Manon Aubry,Manon Aubry,0,1,0,0,0,1,1,0
M√âLENCHON AU SECOND TOUR POUR CHANGER L HISTOIRE,Manon Aubry,0,1,0,0,0,1,1,0
NOUS PROPOSONS UNE ALLOCATION D AUTONOMIE POUR TOUS LES JEUNES !,Manon Aubry,0,1,0,0,0,1,1,0
"GLUCKSMANN CHAHUT√â, M√âLENCHON ACCUS√â : IL Y A T-IL ¬´ DEUX GAUCHES ¬ªIRR√âCONCILIABLES ?",Le m√©dia,0,1,0,0,0,1,1,0
BARDELLA EST LE LARBIN DES PATRONS,Manon Aubry,0,1,0,0,0,1,1,0
MACRON NE PEUT PLUS METTRE UN PIED DEHORS !,Manon Aubry,0,1,0,0,0,1,1,0
MACRON NE POURRA PAS INTERDIRE LA COLERE POPULAIRE,Manon Aubry,0,1,0,0,0,1,1,0
"LES DR√îLES LE√áONS DE D√âMOCRATIE D √âLISABETH BORNE, LA PRO DU 49.3",Manon Aubry,0,1,0,0,0,1,1,0
VIOLENCES POLICIERES EN FRANCE : LE MONDE ENTIER CONDAMNE LA REPRESSION,Manon Aubry,0,1,0,0,0,1,1,0
EVASION FISCALE EN BANDE ORGANISEE PERSONNE NE VEUT LA CANALISER,Manon Aubry,0,1,0,0,0,1,1,0
MACRON EST ISOL√â : IL EST RETRANCH√â √Ä L √âLYS√âE COMME UN FORCEN√â !,Manon Aubry,0,1,0,0,0,1,1,0
"MACRON VA PERDRE, TOUS DANS LA RUE LE 1er MAI !",Manon Aubry,0,1,0,0,0,1,1,0
MACRON EST DETESTE DANS LE PAYS !,Manon Aubry,0,1,0,0,0,1,1,0
LES MENSONGES DE LREM CONTRE LA NUPES D√âMONT√âS,Manon Aubry,0,1,0,0,0,1,1,0
LES FACTURES FLAMBENT ET L UE REGARDE AILLEURS,Manon Aubry,0,1,0,0,0,1,1,0
STOP AU MASSACRE A GAZA !,Manon Aubry,0,1,0,0,0,1,1,0
"POUR MACRON, UNE RELATION NON CONSENTIE N EST PAS UN VIOL !",Manon Aubry,0,1,0,0,0,1,1,0
Gaspard Proust face √† Manon Aubry,Le Figaro,0,1,0,0,0,1,1,0
"Face √† Manon Aubry, Macron prend une charge en plein Parlement europ√©en",Le Figaro,0,1,0,0,0,1,1,0
20 000 civils Pascal Praud ! : Manon Aubry revient sur la position de LFI sur le conflit en Isra√´l,Le Figaro,0,1,0,0,0,1,1,0
"Manon Aubry face √† Pascal Praud : Bardella, Bellamy, macronistes...Marre de tous ces hypocrites !",BFMTV,1,1,0,0,0,1,1,0
Manon Aubry : Rapprocher le RN et la FI est extr√™mement dangereux pour la d√©mocratie,Le Figaro,0,1,0,0,0,1,1,0
Manon Aubry - D√©put√©e europ√©enne LFI - Les 4 v√©rit√©s - 6/05/2022,Public S√©nat,0,1,0,0,0,1,1,0
"Manon Aubry: Au pouvoir, la FI appliquera son programme contre les r√®gles europ√©ennes",Le Figaro,0,1,0,0,0,1,1,0
Soup√ßons de corruption du Qatar au Parlement europ√©en: l eurod√©put√©e LFI Manon Aubry r√©agit,BFMTV,0,1,0,0,0,1,1,0
Manon Aubry (LFI): Nous sommes les seuls √† nous mobiliser contre la politique de racket social,RTL,0,1,0,0,0,1,1,0
Manon Aubry : L adh√©sion √† l UE d un pays en guerre comme l Ukraine n est pas r√©aliste,Public S√©nat,0,1,0,0,0,1,1,0
Manon Aubry - Il n y a aucune transparence sur les contrats sign√©s avec les laboratoires !,TF1 INFO,0,1,0,0,0,1,1,0
Scandale europ√©en : la banque centrale gave Bernard Arnault - Entretien avec Manon Aubry,TF1 INFO,0,1,0,0,0,1,1,0
Manon Aubry : J encourage les √©tudiants qui se mobilisent pour Gaza,BFMTV,0,1,0,0,0,1,1,0
"L entretien RMC avec Manon Aubry, d√©put√©e europ√©enne LFI",Le Figaro,0,1,0,0,0,1,1,0
Manon Aubry (LFI) sur Taiwan : M√©lenchon n a fait qu une chose : rappeler la position de la France,BFMTV,0,1,0,0,0,1,1,0
L interview politique du 4 novembre 2019 : Manon Aubry,RTL,0,1,0,0,0,1,1,0
"Manon Aubry, t√™te de liste LFI et d√©put√©e europ√©enne",RTL,0,1,0,0,0,1,1,0
Le Grand Jury des Auditeurs de RTL : Manon Aubry,BFMTV,0,1,0,0,0,1,1,0
Quel pr√©sident ? Fran√ßois-Xavier Bellamy r√©pond,LCI,0,0,1,0,0,1,1,0
Fran√ßois-Xavier Bellamy : L erreur du moment est de croire que tout changement est un progr√®s,TF1 INFO,0,0,1,0,0,1,1,0
Lutte contre l immigration ill√©gale : Un scandale d√©mocratique r√©voltant,Fran√ßois-Xavier Bellamy,0,0,1,0,0,1,1,0
Fran√ßois-Xavier Bellamy √† l Universit√© Lib√© : Le Grand Oral des europ√©ennes,Le Figaro,0,0,1,0,0,1,1,0
Loi Avia et application de tra√ßage : ¬´ Jamais notre pays ne devrait renoncer aux garanties fondam‚Ä¶,Fran√ßois-Xavier Bellamy,0,0,1,0,0,1,1,0
Le Grand Oral de Fran√ßois-Xavier Bellamy - Les Grandes Gueules de RMC,Le Figaro,0,0,1,0,0,1,1,0
Les √©lections europ√©ennes pourraient BOULEVERSER le quotidien des Fran√ßais !,Fran√ßois-Xavier Bellamy,0,0,1,0,0,1,1,0
"Fran√ßois-Xavier Bellamy: Moi, je crois au libre-√©change",Le Figaro,0,0,1,0,0,1,1,0
Fran√ßois-Xavier Bellamy: Je crois qu on ne peut pas faire de la croissance un but politique en soi,Public S√©nat,0,0,1,0,0,1,1,0
"Fran√ßois-Xavier Bellamy:l affaire de Rugy, r√©sultat du contraste entre son discours et sa pratique",Le Figaro,0,0,1,0,0,1,1,0
Gilles pi√®ge Fran√ßois-Xavier Bellamy avec une question FATIDIQUE,RMC,0,0,0,0,0,1,1,0
√âlections europ√©ennes: le d√©bat entre Rapha√´l Glucksmann et Fran√ßois-Xavier Bellamy en int√©gralit√©,RMC,0,0,1,1,0,1,1,0
Fran√ßois-Xavier Bellamy / Gaspard Koenig : La libert√© est-elle en danger ?,LCI,0,0,1,0,0,1,1,0
"#LeGrandOral des candidats : Jordan BARDELLA, Marion MAR√âCHAL, F-X BELLAMY",Le Figaro,1,0,1,0,0,1,1,0
Sur les traces de Fran√ßois-Xavier Bellamy dans le quartier de Rachida Dati - Le Moment Meurice,Le Figaro,0,0,1,0,0,1,1,0
Fran√ßois-Xavier Bellamy : Le pr√©sident se r√©fugie dans les questions de soci√©t√© pour faire l actu,Touche pas √† mon poste !,0,0,1,0,0,1,1,0
Fran√ßois-Xavier Bellamy : Quelles sont les qualit√©s de Gabriel Attal pour entrer √† Matignon ?,Le Figaro,0,0,1,0,0,1,1,0
EUROP√âENNES : le programme des R√©publicains (Fran√ßois-Xavier Bellamy),TF1 INFO,0,0,1,0,0,1,1,0
"HENRY DE LESQUEN - BELLAMY, ROI DES CANDAULES",Le Figaro,0,0,1,0,0,1,1,0
"J ai d√©cid√© d accorder mon parrainage √† √âric Zemmour , annonce Fran√ßois-Xavier Bellamy (LR)",Touche pas √† mon poste !,0,0,1,0,0,1,1,0
Blocages √† Sciences Po : Fran√ßois-Xavier Bellamy invit√© de Cyril HANOUNA,RMC,0,0,1,0,0,1,1,0
BELLAMY / GLUCKSMANN : LE VRAI D√âBAT EUROP√âEN,Le Figaro,0,0,1,0,0,1,1,0
Lutte contre l immigration ill√©gale : Un scandale d√©mocratique r√©voltant,Le Figaro,0,0,1,0,0,1,1,0
"Trois ans apr√®s le grand emprunt europ√©en, toutes nos alertes se confirment.",Fran√ßois-Xavier Bellamy,0,0,1,0,0,1,1,0
"La complicit√© avec l islamisme, √† visage d√©couvert.",Fran√ßois-Xavier Bellamy,0,0,1,0,0,1,1,0
Le jour est arriv√© o√π il faut maintenant tenter de sauver No√´l..,Fran√ßois-Xavier Bellamy,0,0,1,0,0,1,1,0
On a voulu faire entrer tous les opposants au #PassSanitaire dans le camp d une esp√®ce de d√©raison,Fran√ßois-Xavier Bellamy,0,0,1,0,0,1,1,0
"Je suis r√©volt√© que certains s en prennent aux messagers, pour ne pas √©couter le message.",Fran√ßois-Xavier Bellamy,0,0,1,0,0,1,1,0
Nous regardons un gouvernement qui danse au bord de l ab√Æme,Fran√ßois-Xavier Bellamy,0,0,1,0,0,1,1,0
Grand jury - Europ√©ennes 2024 : le grand d√©bat | √âv√®nement - 05/05/2024,LCP - Assembl√©e nationale,0,0,0,0,0,1,1,0
"Mineurs d√©linquants, Russie, Sciences Po‚Ä¶ lint√©gralit√© de linterview de Marine Le Pen",BFMTV,1,0,0,0,0,1,0,0
Franz-Olivier Giesbert sur Emmanuel Macron : ¬´ C‚Äôest la g√©n√©ration TPMG : tout pour ma gueule ¬ª,Europe 1,0,0,0,0,0,1,0,0
Le r√©sum√© de Real Madrid / Bayern Munich - Ligue des Champions 2023-24 (1/2 finale retour),CANAL+ Sport,0,0,0,0,0,0,0,1
Je suis inquiet de la d√©rive de Sciences Po: linterview en int√©gralit√© dAlain Finkielkraut,BFMTV,0,0,0,0,0,1,0,0
Dissolution : Marion Mar√©chal accuse Bardella de mentir aux Fran√ßais,Public S√©nat,1,0,0,0,0,1,1,0
Le Grand Jury - Europ√©ennes : le grand d√©bat (lint√©grale),RTL,0,0,0,0,0,1,1,0
Des troupes russes mass√©es aux fronti√®res nord-est,LCI,0,0,0,0,0,0,0,1
Europ√©ennes: le premier d√©bat entre Jordan Bardella et Val√©rie Hayer en int√©gralit√©,BFMTV,1,0,0,0,1,1,1,0
D√©bat des europ√©ennes : tous contre Bardella,Public S√©nat,0,0,0,0,0,1,1,0
Europ√©ennes: suivez le grand d√©bat entre Jordan Bardella et Manuel Valls,Le Figaro,1,0,0,1,0,1,1,0
Europ√©ennes: le premier d√©bat entre Jordan Bardella et Val√©rie Hayer en int√©gralit√©,BFMTV,1,0,0,0,1,1,1,0
"Mathilde Panot/Marion Mar√©chal, le d√©bat",BFMTV,1,1,0,0,0,1,1,0
Emmanuel Macron/Marine Le Pen : qui a fait la meilleure campagne ?,Touche pas √† mon poste !,1,0,0,0,1,1,0,0
√âlections europ√©ennes : le d√©bat entre Marion Mar√©chal (Reconqu√™te) et Val√©rie Hayer (Renaissance),Europe 1,1,0,0,0,1,1,1,0
M√©lenchon-Zemmour: revoir leur d√©bat en int√©gralit√©,BFMTV,1,1,0,0,0,1,0,0
"Replay du d√©bat dEmmanuel Macron et Marine Le Pen, en int√©grale",TF1 INFO,1,0,0,0,1,1,0,0
Grand jury - Europ√©ennes 2024 : le grand d√©bat | √âv√®nement - 05/05/2024,LCP - Assembl√©e nationale,0,0,0,0,0,1,1,0
Commandos Marines : limpitoyable s√©lection,Investigations et Enqu√™tes,0,0,0,0,0,0,0,1
"Mineurs d√©linquants, Russie, Sciences Po‚Ä¶ lint√©gralit√© de linterview de Marine Le Pen",BFMTV,1,0,0,0,0,0,1,0
"Mathilde Panot/Marion Mar√©chal, le d√©bat",BFMTV,1,1,0,0,0,1,0,0
Tariq Ramadan - On n‚Äôest pas couch√© 26 septembre 2009 #ONPC,On nest pas couch√©,0,0,0,0,0,0,0,1
"Poutine, la haine de lOccident",BFMTV,0,0,0,0,0,1,0,0
Dieudonn√© La politique (La Pol√©mique de la polinique) 2017,Ermite Pas net,0,0,0,0,0,1,0,0
Lhistoire compl√®te et sans censure de TCHERNOBYL,100% DOCS,0,0,0,0,0,0,0,1
La F****ing Disgrace d√©crypt√©e par Drogba ‚Äì Chelsea FC vs. Barcelone 2009 ‚Äì Ligue des Champions,CANAL+ Sport,0,0,0,0,0,0,0,1
Pablo Escobar: the king of cocaine,Investigations et Enqu√™tes,0,0,0,0,0,0,0,1
"Cor√©e du Nord, G√©rard Depardieu, Sciences Po... Yann Moix est linvit√© du Face √† Face",BFMTV,0,0,0,0,0,1,0,0
Le r√©sum√© de Real Madrid / Bayern Munich - Ligue des Champions 2023-24 (1/2 finale retour),CANAL+ Sport,0,0,0,0,0,0,0,1
M√©lenchon-Zemmour: revoir leur d√©bat en int√©gralit√©,BFMTV,1,1,0,0,0,1,0,0
"√âric Naulleau, auteur dun livre sur Jean-Luc M√©lenchon, face aux GG",RMC,0,1,0,0,0,1,0,0
√âric Zemmour face √† Jean-Luc M√©lenchon chez Cyril Hanouna,√âric Zemmour,1,1,0,0,0,1,0,0
Clash : Gilles Verdez assume de vouloir voter pour Jean-Luc M√©lenchon !,Touche pas √† mon poste !,0,1,0,0,0,1,0,0
Face-√†-face J-L M√©lenchon / Val√©rie P√©cresse - LEmission politique - 23 f√©vrier 2017 (France 2),L‚ÄôEmission politique,0,1,1,0,0,1,0,0
Vinicius ballon dor: Mbapp√© doit venir au Real pour gagner la LDC Bellingham montrueux Joselu,Black Yankee HT,0,0,0,0,0,0,0,1
Europ√©ennes : quelles sont les intentions de vote √† un mois des √©lections ?,Sud Radio,0,0,0,0,0,1,1,0
"MAKING OF (#10) du Pire Gendre Leslie, l‚Äô√©pisode le plus fou de notre cha√Æne !",Greg Guillotin,0,0,0,0,0,0,0,1
"Au meeting de Val√©rie Hayer, les militants concern√©s par la dynamique Glucksmann",Le Huffington Post,0,0,0,1,1,1,1,0
Hidden Camera: The Worst Birthday (feat Catherine Benguigui),Greg Guillotin,0,0,0,0,0,0,0,1
Europ√©ennes J-30 : le point de vue de J√©r√¥me Fourquet,Le Figaro,0,0,0,0,0,1,1,0
"√âlections europ√©ennes : en France, une perc√©e du RN inqui√®te le parti dEmmanuel Macron",euronews (en fran√ßais),1,0,0,0,1,1,1,0
Jean Messiha comme vous ne l‚Äôavez jamais vu !,C√¥te √† C√¥te,1,0,0,0,0,1,0,0
Il roule √† 172 km/h sur une route √† 110 km/h üò±,Alerte Secours,0,0,0,0,0,0,0,1
24 Heures dans lULTRALUXE Parisien,100% DOCS,0,0,0,0,0,0,0,1
"En Allemagne, une m√©ga-mine de charbon s√©tend et engloutit des villages",Le Parisien,0,0,0,0,0,0,0,1
Les Japonais ne font plus LAMOUR et cest un PROBL√àME...,Immersion ‚ñ∏ reportages et documentaires,0,0,0,0,0,0,0,1
Heart - Stairway to Heaven Led Zeppelin - Kennedy Center Honors HD,GSMF Racing,0,0,0,0,0,0,0,1
BGT BEATBOX GOLDEN BUZZER Britain‚Äôs Got Talent Audition - Pyramids (Loopstation) - MB14,MB14,0,0,0,0,0,0,0,1
TOP 80 GREATEST GUITAR INTROS,Paul Davids,0,0,0,0,0,0,0,1
alyona alyona & Jerry Heil - Teresa & Maria (LIVE) | Ukraine üá∫üá¶ | First Semi-Final | Eurovision 2024,Eurovision Song Contest,0,0,0,0,0,0,0,1
Francis Cabrel - Les tutos guitare (Episode 2 : La cabane du p√™cheur),Francis Cabrel,0,0,0,0,0,0,0,1
MAYADORABLE BALANCE SON FRIGO ! (je d√©couvre des trucs.... Beanz ? Gravy ?) ft. @Mayadorable,Juju Fitcats,0,0,0,0,0,0,0,1
R√©sum√© Lille - OL | Ligue 1 J32 | Olympique Lyonnais,Olympique Lyonnais,0,0,0,0,0,0,0,1
Jai pris en main les nouveaux iPad Pro OLED 2024 !,TheiCollection,0,0,0,0,0,0,0,1
Myl√®ne Farmer - Nevermore Le Film (Teaser # 1),Myl√®ne Farmer,0,0,0,0,0,0,0,1
Apple Event - May 7,Apple,0,0,0,0,0,0,0,1
"PSG 0-1 Dortmund | Kylian Mbapp√© Est Un Menteur ! (Yungsteph, Coup De Gueule)",PSGfanTV,0,0,0,0,0,0,0,1
CACHE-CACHE √âDITION CAMOUFLAGE EXTR√äME  #4,Amixem,0,0,0,0,0,0,0,1
‚ÄúOn a √©t√© f√¢ch√©s presque deux ans‚Äù : Laurent Ruquier revient sur sa brouille avec Christine Bravo,DegreeBridge,0,0,0,0,0,0,0,1
Kelly Vedovelli est devenue c√©l√®bre gr√¢ce √† une PHOTO avec Herv√© Mathoux.,Touche pas √† mon poste !,0,0,0,0,0,0,0,1
Artus invit√© de On Refait La T√©l√© (lint√©grale),RTL,0,0,0,0,0,0,0,1
"Bad Romance - LOL : Qui rit, sort ! Saison 4 | Prime Video",Amazon Prime Video France,0,0,0,0,0,0,0,1
Apple Event - May 7,Apple,0,0,0,0,0,0,0,1
Le Comte de Monte-Cristo - Bande-annonce Officielle 4K,Pathe,0,0,0,0,0,0,0,1
"[2015 MAMA] PSY - GANGNAM STYLE (2012 MAMA, SONG OF THE YEAR) 151127 EP.4",Mnet K-POP,0,0,0,0,0,0,0,1
Le Pire Stagiaire agent matrimonial (rencontres amoureuses) en Belgique - Version longue,Greg Guillotin,0,0,0,0,0,0,0,1
Jai pris en main les nouveaux iPad Pro OLED 2024 !,TheiCollection,0,0,0,0,0,0,0,1
"Carte Joker de J√©r√¥me Commandeur - LOL : Qui rit, sort ! Saison 4 | Prime Video",Amazon Prime Video France,0,0,0,0,0,0,0,1
PSG 0-1 Dortmund : Le d√©brief de l√©limination du Paris Saint-Germain,L'√âQUIPE,0,0,0,0,0,0,0,1
Le Comte de Monte-Cristo - Bande-annonce Officielle 4K,Pathe,0,0,0,0,0,0,0,1
R√©sum√© Lille - OL | Ligue 1 J32 | Olympique Lyonnais,Olympique Lyonnais,0,0,0,0,0,0,0,1
Live at Met Gala 2024 With Vogue,Vogue,0,0,0,0,0,0,0,1
jai achet√© LES PIRES colis myst√®res de GAMER,CYRILmp4,0,0,0,0,0,0,0,1
Elle affiche... SES PARENTS ! ü§£,Thomas Angelvy,0,0,0,0,0,0,0,1
Les meilleures Blagues de Tonton ü§£ | VTEP | Best OF,Vendredi Tout Est Permis,0,0,0,0,0,0,0,1
5 TH√âORIES SUR BATMAN (#114),Didi,0,0,0,0,0,0,0,1
Aya Nakamura aux JO : les h√©riti√®res de Piaf valident - La Story - C √† Vous - 27/03/2024,C √† vous,0,0,0,0,0,0,0,1