url,title,author,type,insertionDate,refreshNB,watchTime,actionNB,videoViewsNB,parent_id
4Yc6hUVpoUU,"Monsieur Glucksmann, vous avez √©t√© bien accueilli ? Le billet de Daniel Morin 7h57",France Inter,regular,2024-05-08T15:20:15.668Z,,6000,0,1,
Nd0a19FYNUM,"
          
          
          
          
            On met les voiles avec Antoine - C √† Vous - 07/05/2024
          
        ",C √† vous,proposal,2024-05-08T15:20:16.265Z,,0,0,1,4Yc6hUVpoUU
wRWR0NNWMHo,"
          
          
          
          
            Rendez-vous en terre inconnue : bienvenue √† lApple Store ! - Le billet de Daniel Morin
          
        ",France Inter,proposal,2024-05-08T15:20:18.165Z,,0,0,1,4Yc6hUVpoUU
i3mbpe-Jl3M,"
          
          
          
          
            Rapha√´l Glucksmann : On fait la m√™me erreur avec Xi Jinping quavec Vladimir Poutine
          
        ",France Inter,proposal,2024-05-08T15:20:18.197Z,,0,0,1,4Yc6hUVpoUU
0JVO6mc1wX4,"
          
          
          
          
            Gaspard Proust - Chronique du 7 mai
          
        ",Europe 1,proposal,2024-05-08T15:20:18.213Z,,0,0,1,4Yc6hUVpoUU
k6krXMfjC8A,"
          
          
          
          
            Passion JO ! - Le billet de Daniel Morin 7h55
          
        ",France Inter,proposal,2024-05-08T15:20:18.461Z,,0,0,1,4Yc6hUVpoUU
3022K8yE6Y0,"
          
          
          
          
            Le r√©sum√© de Paris SG / Dortmund - Ligue des Champions 2023-24 (1/2 finale retour)
          
        ",CANAL+ Sport,proposal,2024-05-08T15:20:18.476Z,,0,0,1,4Yc6hUVpoUU
0gJ-g_YyW_g,"
          
          
          
          
            Sophia Aram : un discours politique aux Moli√®res - C √† Vous - 07/05/2024
          
        ",C √† vous,proposal,2024-05-08T15:20:18.493Z,,0,0,1,4Yc6hUVpoUU
TmIVC9AGTuo,"
          
          
          
          
            Jordan Bardella : LEurope doit mettre fin √† une forme de na√Øvet√© √† l√©gard de la mondialisation
          
        ",France Inter,proposal,2024-05-08T15:20:18.510Z,,0,0,1,4Yc6hUVpoUU
cesoPQEUoDk,"
          
          
          
          
            Comment booster les audiences selon Gaspard Proust ?
          
        ",Europe 1,proposal,2024-05-08T15:20:18.531Z,,0,0,1,4Yc6hUVpoUU
hVR2ixy_r_s,"
          
          
          
          
            GLUCKSMANN, CROQUE-MORT DU PS | STEFANO PALOMBARINI
          
        ",Le M√©dia,proposal,2024-05-08T15:20:18.560Z,,0,0,1,4Yc6hUVpoUU
ClOGl60y8Ok,"
          
          
          
          
            Jean-Yves Le Drian d√©nonce un d√©sastre et un massacre innommables √† Rafah et Gaza
          
        ",France Inter,proposal,2024-05-08T15:20:18.597Z,,0,0,1,4Yc6hUVpoUU
LS9PrxmMsvk,"
          
          
          
          
            Robert Namias
          
        ",France Inter,proposal,2024-05-08T15:20:18.625Z,,0,0,1,4Yc6hUVpoUU
tBNVtauqS7U,"
          
          
          
          
            Hommage √† Bernard Pivot
          
        ",France Inter,proposal,2024-05-08T15:20:18.649Z,,0,0,1,4Yc6hUVpoUU
mv3dTidYUNE,"
          
          
          
          
            PSG 0-1 Dortmund : Mbapp√© d√©cevant dans le sprint final, tout le monde est responsable tacle Riolo
          
        ",RMCSport,proposal,2024-05-08T15:20:18.682Z,,0,0,1,4Yc6hUVpoUU
iBXEKivDWyc,"
          
          
          
          
            Rapha√´l Glucksmann, D√©put√© Europ√©en et Essayiste - Une vie au service de lengagement
          
        ",InPower Podcast,proposal,2024-05-08T15:20:18.701Z,,0,0,1,4Yc6hUVpoUU
pq3D1d4bMu4,"
          
          
          
          
            Hondelatte raconte : Sur les traces dun officier SS (r√©cit int√©gral)
          
        ",Europe 1,proposal,2024-05-08T15:20:18.718Z,,0,0,1,4Yc6hUVpoUU
QEZ5NdCKPkQ,"
          
          
          
          
            Panique chez les producteurs de camembert - Le billet de Daniel Morin
          
        ",France Inter,proposal,2024-05-08T15:20:18.740Z,,0,0,1,4Yc6hUVpoUU
q9GAahkTLME,"
          
          
          
          
            Mineurs d√©linquants, Russie, Sciences Po‚Ä¶ lint√©gralit√© de linterview de Marine Le Pen
          
        ",BFMTV,proposal,2024-05-08T15:20:18.757Z,,0,0,1,4Yc6hUVpoUU
wLiFN_HQBW4,"
          
          
          
          
            Exfiltr√© d‚Äôun d√©fil√© du 1er mai, Rapha√´l Glucksmann r√©agit - C √† Vous - 02/05/2024
          
        ",C √† vous,proposal,2024-05-08T15:20:18.781Z,,0,0,1,4Yc6hUVpoUU
vCvcgYW_uvY,"
          
          
          
          
            Chass√© du 1er-mai, Glucksmann a menti affirme Mathilde Panot
          
        ",franceinfo,proposal,2024-05-08T15:20:18.804Z,,0,0,1,4Yc6hUVpoUU
ghaGA3ZrvmU,"Le d√©bat des europ√©ennes, avec Jordan Bardella et Rapha√´l Glucksmann",France Inter,regular,2024-05-08T15:20:29.812Z,,6000,1,2,
l4sgGLnIcwo,"
          
          
          
          
            Europ√©ennes: suivez le grand d√©bat entre Jordan Bardella et Manuel Valls
          
        ",Le Figaro,proposal,2024-05-08T15:20:31.859Z,,0,1,2,ghaGA3ZrvmU
TmIVC9AGTuo,"
          
          
          
          
            Jordan Bardella : LEurope doit mettre fin √† une forme de na√Øvet√© √† l√©gard de la mondialisation
          
        ",France Inter,proposal,2024-05-08T15:20:32.403Z,,0,1,2,ghaGA3ZrvmU
Z_gcqq9B_ec,"
          
          
          
          
            √âlections europ√©ennes: le d√©bat entre Rapha√´l Glucksmann et Fran√ßois-Xavier Bellamy en int√©gralit√©
          
        ",BFMTV,proposal,2024-05-08T15:20:32.425Z,,0,1,2,ghaGA3ZrvmU
tkFAzDwQGus,"
          
          
          
          
            √âlections europ√©ennes : le d√©bat entre Marion Mar√©chal (Reconqu√™te) et Val√©rie Hayer (Renaissance)
          
        ",Europe 1,proposal,2024-05-08T15:20:32.454Z,,0,1,2,ghaGA3ZrvmU
70_vcb0EQtk,"
          
          
          
          
            üî¥ DIRECT - Lint√©grale de linterview de Jordan Bardella, pr√©sident du RN, sur RMC
          
        ",RMC,proposal,2024-05-08T15:20:32.476Z,,0,1,2,ghaGA3ZrvmU
-T4biBo8zp4,"
          
          
          
          
            √âlections europ√©ennes : le raz-de-mar√©e annonc√© de l‚Äôextr√™me droite ? - 28 Minutes - ARTE
          
        ",28 minutes - ARTE,proposal,2024-05-08T15:20:32.496Z,,0,1,2,ghaGA3ZrvmU
mt4oT0p0QhI,"
          
          
          
          
            Nous ne regarderons pas sans rien faire.
          
        ",Cl√©mence Guett√©,proposal,2024-05-08T15:20:32.531Z,,0,1,2,ghaGA3ZrvmU
2eRsM9vS8hw,"
          
          
          
          
            Le Grand Jury - Europ√©ennes : le grand d√©bat (lint√©grale)
          
        ",RTL  ,proposal,2024-05-08T15:20:32.556Z,,0,1,2,ghaGA3ZrvmU
lvcoPu7Qb9M,"
          
          
          
          
            LHeure des Pros - La r√©ponse de Pascal Praud √† lattaque de Jean-Luc M√©lenchon contre CNEWS
          
        ",Europe 1,proposal,2024-05-08T15:20:32.578Z,,0,1,2,ghaGA3ZrvmU
LE6s92s_OUQ,"
          
          
          
          
            Je suis inquiet de la d√©rive de Sciences Po: linterview en int√©gralit√© dAlain Finkielkraut
          
        ",BFMTV,proposal,2024-05-08T15:20:32.601Z,,0,1,2,ghaGA3ZrvmU
AkBZoIJG3ZE,"
          
          
          
          
            D√©bat sur le contr√¥le au faci√®s avec Matthieu Valet (syndicat de police) et Aliou (auditeur)
          
        ",Europe 1,proposal,2024-05-08T15:20:32.630Z,,0,1,2,ghaGA3ZrvmU
N0HqQ9N-G4M,"
          
          
          
          
            RAPHA√ãL GLUCKSMANN : UN AUTRE MACRON EST POSSIBLE
          
        ","BLAST, Le souffle de linfo",proposal,2024-05-08T15:20:32.655Z,,0,1,2,ghaGA3ZrvmU
HR_UZhz9dwQ,"
          
          
          
          
            Europ√©ennes: Bardella a-t-il tu√© le match ?
          
        ",Le Figaro,proposal,2024-05-08T15:20:32.687Z,,0,1,2,ghaGA3ZrvmU
OdCvq3ViEsM,"
          
          
          
          
            Mathilde Panot/Marion Mar√©chal, le d√©bat
          
        ",BFMTV,proposal,2024-05-08T15:20:32.714Z,,0,1,2,ghaGA3ZrvmU
oOdXYFGohf0,"
          
          
          
          
            Jordan Bardella r√©pond √† Eric Dupond-Moretti sur le tacle √† Marine Le Pen !
          
        ",Touche pas √† mon poste !,proposal,2024-05-08T15:20:32.741Z,,0,1,2,ghaGA3ZrvmU
SDr5mXqx1iE,"
          
          
          
          
            Attaque de lIran sur Isra√´l : le grand-rendez vous sp√©cial avec Pierre Conesa et Guillaume Bigot
          
        ",Europe 1,proposal,2024-05-08T15:20:32.761Z,,0,1,2,ghaGA3ZrvmU
OY2WvPg35-Y,"
          
          
          
          
            Europ√©ennes: le premier d√©bat entre Jordan Bardella et Val√©rie Hayer en int√©gralit√©
          
        ",BFMTV,proposal,2024-05-08T15:20:32.784Z,,0,1,2,ghaGA3ZrvmU
Llbia0P1WcA,"
          
          
          
          
            Quel est le probl√®me de CNEWS ?! : Le d√©bat √©lectrique entre Pascal Praud et Christophe Deloire
          
        ",Europe 1,proposal,2024-05-08T15:20:32.824Z,,0,1,2,ghaGA3ZrvmU
VCn93fE0KMI,"
          
          
          
          
            Andr√© et Rapha√´l Gluckmann - On n‚Äôest pas couch√© 1er mars 2008 #ONPC
          
        ",On nest pas couch√©,proposal,2024-05-08T15:20:32.858Z,,0,1,2,ghaGA3ZrvmU
Vl1QApX8--E,"
          
          
          
          
            Grand jury - Europ√©ennes 2024 : le grand d√©bat | √âv√®nement - 05/05/2024
          
        ",LCP - Assembl√©e nationale,proposal,2024-05-08T15:20:32.886Z,,0,1,2,ghaGA3ZrvmU
TlvnbLArPSE,"Rapha√´l Glucksmann, d√©put√© europ√©en et t√™te de liste PS / Place publique | LEurope cest nous !",LCP - Assembl√©e nationale,regular,2024-05-08T15:20:43.785Z,,6000,2,3,
UYxKpxktomk,"
          
          
          
          
            Andr√©a Kotarac, porte parole du RN | LEurope cest nous !
          
        ",LCP - Assembl√©e nationale,proposal,2024-05-08T15:20:44.479Z,,0,2,3,TlvnbLArPSE
Z_gcqq9B_ec,"
          
          
          
          
            √âlections europ√©ennes: le d√©bat entre Rapha√´l Glucksmann et Fran√ßois-Xavier Bellamy en int√©gralit√©
          
        ",BFMTV,proposal,2024-05-08T15:20:46.011Z,,0,2,3,TlvnbLArPSE
hVR2ixy_r_s,"
          
          
          
          
            GLUCKSMANN, CROQUE-MORT DU PS | STEFANO PALOMBARINI
          
        ",Le M√©dia,proposal,2024-05-08T15:20:46.028Z,,0,2,3,TlvnbLArPSE
ttpzLx7voik,"
          
          
          
          
            üî¥ DIRECT - Lint√©grale de linterview de Rapha√´l Glucksmann, t√™te de liste PS-PP aux √©lections eu...
          
        ",RMC,proposal,2024-05-08T15:20:46.048Z,,0,2,3,TlvnbLArPSE
oZ3ZIiTZGIg,"
          
          
          
          
            √âlections 2024 : six pr√©sidents de partis r√©unis dans le grand d√©bat #QR -  RTBF Info
          
        ",RTBF Info,proposal,2024-05-08T15:20:46.064Z,,0,2,3,TlvnbLArPSE
JrakvQ9n5Ug,"
          
          
          
          
            Rapha√´l Glucksmann :Le gouvernement Netanyahou noffre aucune perspective aux palestiniens
          
        ",Europe 1,proposal,2024-05-08T15:20:46.079Z,,0,2,3,TlvnbLArPSE
_dCV-bjBrnM,"
          
          
          
          
            France-Chine : un commerce √©quitable ? | √áa vous regarde - 07/05/2024
          
        ",LCP - Assembl√©e nationale,proposal,2024-05-08T15:20:46.096Z,,0,2,3,TlvnbLArPSE
VLg1-OJOGHE,"
          
          
          
          
            √âlections europ√©ennes: L‚ÄôEurope sous la pression des souverainistes
          
        ",Le Figaro,proposal,2024-05-08T15:20:46.110Z,,0,2,3,TlvnbLArPSE
hyv3xZB7tEI,"
          
          
          
          
            Lint√©grale des Questions au Gouvernement | 07/05/2024
          
        ",LCP - Assembl√©e nationale,proposal,2024-05-08T15:20:46.130Z,,0,2,3,TlvnbLArPSE
2237v_tTvsQ,"
          
          
          
          
            International : que p√®se encore la France ?
          
        ",Public S√©nat,proposal,2024-05-08T15:20:46.157Z,,0,2,3,TlvnbLArPSE
Llbia0P1WcA,"
          
          
          
          
            Quel est le probl√®me de CNEWS ?! : Le d√©bat √©lectrique entre Pascal Praud et Christophe Deloire
          
        ",Europe 1,proposal,2024-05-08T15:20:46.178Z,,0,2,3,TlvnbLArPSE
fpVJe-c59b8,"
          
          
          
          
            Audition de Patrick Pouyann√©, PDG de TotalEnergies
          
        ",S√©nat,proposal,2024-05-08T15:20:46.197Z,,0,2,3,TlvnbLArPSE
ghaGA3ZrvmU,"
          
          
          
          
            Le d√©bat des europ√©ennes, avec Jordan Bardella et Rapha√´l Glucksmann
          
        ",France Inter,proposal,2024-05-08T15:20:46.213Z,,0,2,3,TlvnbLArPSE
QZ5L7HZWmZ0,"
          
          
          
          
            La convocation de Rima Hassan repr√©sente une d√©rive de plus en plus autoritaire du gouvernement
          
        ",franceinfo,proposal,2024-05-08T15:20:46.236Z,,0,2,3,TlvnbLArPSE
N0HqQ9N-G4M,"
          
          
          
          
            RAPHA√ãL GLUCKSMANN : UN AUTRE MACRON EST POSSIBLE
          
        ","BLAST, Le souffle de linfo",proposal,2024-05-08T15:20:46.261Z,,0,2,3,TlvnbLArPSE
QepnPou1_5E,"
          
          
          
          
            Le retour du clivage droite-gauche ? L‚Äôanalyse de J√©r√¥me Fourquet
          
        ",Le Figaro,proposal,2024-05-08T15:20:46.284Z,,0,2,3,TlvnbLArPSE
Vl1QApX8--E,"
          
          
          
          
            Grand jury - Europ√©ennes 2024 : le grand d√©bat | √âv√®nement - 05/05/2024
          
        ",LCP - Assembl√©e nationale,proposal,2024-05-08T15:20:46.298Z,,0,2,3,TlvnbLArPSE
hrfloDKF0kQ,"
          
          
          
          
            Va-t-on assister √† la fin de lEurope ?- C Politique du 28 avril 2024
          
        ",C ce soir,proposal,2024-05-08T15:20:46.311Z,,0,2,3,TlvnbLArPSE
VCn93fE0KMI,"
          
          
          
          
            Andr√© et Rapha√´l Gluckmann - On n‚Äôest pas couch√© 1er mars 2008 #ONPC
          
        ",On nest pas couch√©,proposal,2024-05-08T15:20:46.324Z,,0,2,3,TlvnbLArPSE
lSCSd2QxndY,"
          
          
          
          
            Notre puissance europ√©enne sera une puissance sociale: le discours int√©gral de Rapha√´l Glucksmann
          
        ",BFMTV,proposal,2024-05-08T15:20:46.346Z,,0,2,3,TlvnbLArPSE
rg_c7jzejjE,üî¥ DIRECT - Lint√©grale de linterview de Rapha√´l Glucksmann sur RMC,RMC,regular,2024-05-08T15:20:58.109Z,,6000,3,4,
ghaGA3ZrvmU,"
          
          
          
          
            Le d√©bat des europ√©ennes, avec Jordan Bardella et Rapha√´l Glucksmann
          
        ",France Inter,proposal,2024-05-08T15:20:58.878Z,,0,3,4,rg_c7jzejjE
-jc5RkCouLE,"
          
          
          
          
            üî¥ DIRECT - Lint√©grale de linterview de Yann Moix, √©crivain et r√©alisateur, sur RMC
          
        ",RMC,proposal,2024-05-08T15:20:58.916Z,,0,3,4,rg_c7jzejjE
YFFSzNHiEBY,"
          
          
          
          
            üî¥ DIRECT - Lint√©grale de linterview de Florence Bergeaud-Blackler sur RMC
          
        ",RMC,proposal,2024-05-08T15:20:58.946Z,,0,3,4,rg_c7jzejjE
iBXEKivDWyc,"
          
          
          
          
            Rapha√´l Glucksmann, D√©put√© Europ√©en et Essayiste - Une vie au service de lengagement
          
        ",InPower Podcast,proposal,2024-05-08T15:20:58.984Z,,0,3,4,rg_c7jzejjE
WESByEmqzg4,"
          
          
          
          
            JO Paris 2024: √©dition sp√©ciale sur RMC pour larriv√©e de la flamme olympique
          
        ",RMC,proposal,2024-05-08T15:20:59.028Z,,0,3,4,rg_c7jzejjE
hVR2ixy_r_s,"
          
          
          
          
            GLUCKSMANN, CROQUE-MORT DU PS | STEFANO PALOMBARINI
          
        ",Le M√©dia,proposal,2024-05-08T15:20:59.075Z,,0,3,4,rg_c7jzejjE
q9GAahkTLME,"
          
          
          
          
            Mineurs d√©linquants, Russie, Sciences Po‚Ä¶ lint√©gralit√© de linterview de Marine Le Pen
          
        ",BFMTV,proposal,2024-05-08T15:20:59.176Z,,0,3,4,rg_c7jzejjE
5ncJCVFYEO8,"
          
          
          
          
            GUILLAUME MEURICE CONVOQU√â : FIN DE LA LIBERT√â DEXPRESSION SUR LE SERVICE PUBLIC ?
          
        ",Le M√©dia,proposal,2024-05-08T15:20:59.253Z,,0,3,4,rg_c7jzejjE
KVDn9KaTR-E,"
          
          
          
          
            Face-√†-Face : Michel Onfray
          
        ",BFMTV,proposal,2024-05-08T15:20:59.302Z,,0,3,4,rg_c7jzejjE
4S8yyE43eWc,"
          
          
          
          
            Rapha√´l Glucksmann passe son Grand Oral des europ√©ennes √† lUniversit√© Lib√©
          
        ",Lib√©ration,proposal,2024-05-08T15:20:59.337Z,,0,3,4,rg_c7jzejjE
Vl1QApX8--E,"
          
          
          
          
            Grand jury - Europ√©ennes 2024 : le grand d√©bat | √âv√®nement - 05/05/2024
          
        ",LCP - Assembl√©e nationale,proposal,2024-05-08T15:20:59.369Z,,0,3,4,rg_c7jzejjE
vdS2BYVsPv8,"
          
          
          
          
            √âric Zemmour l√®ve la main sur une femme √† Ajaccio : Cest de la l√©gitime d√©fense (Sarah Knafo)
          
        ",Europe 1,proposal,2024-05-08T15:20:59.405Z,,0,3,4,rg_c7jzejjE
jVbGnJ3zniU,"
          
          
          
          
            Linterview int√©grale du philosophe Michel Onfray sur RMC
          
        ",RMC,proposal,2024-05-08T15:20:59.439Z,,0,3,4,rg_c7jzejjE
TlvnbLArPSE,"
          
          
          
          
            Rapha√´l Glucksmann, d√©put√© europ√©en et t√™te de liste PS / Place publique | LEurope cest nous !
          
        ",LCP - Assembl√©e nationale,proposal,2024-05-08T15:20:59.471Z,,0,3,4,rg_c7jzejjE
vCvcgYW_uvY,"
          
          
          
          
            Chass√© du 1er-mai, Glucksmann a menti affirme Mathilde Panot
          
        ",franceinfo,proposal,2024-05-08T15:20:59.504Z,,0,3,4,rg_c7jzejjE
pgtrniv7UcE,"
          
          
          
          
            Europ√©ennes : Glucksmann talonne Hayer
          
        ",Public S√©nat,proposal,2024-05-08T15:20:59.536Z,,0,3,4,rg_c7jzejjE
_S96f2leP1U,"
          
          
          
          
            Face-√†-Face : Jean-Marc Jancovici
          
        ",BFMTV,proposal,2024-05-08T15:20:59.567Z,,0,3,4,rg_c7jzejjE
VCn93fE0KMI,"
          
          
          
          
            Andr√© et Rapha√´l Gluckmann - On n‚Äôest pas couch√© 1er mars 2008 #ONPC
          
        ",On nest pas couch√©,proposal,2024-05-08T15:20:59.593Z,,0,3,4,rg_c7jzejjE
_xaQo86CyDE,"
          
          
          
          
            √âchanges tendus entre Louis Boyard et Fran√ßois-Xavier Bellamy (7 mai 2024, Paris, France) [4K]
          
        ",CLPRESS / Agence de presse,proposal,2024-05-08T15:20:59.623Z,,0,3,4,rg_c7jzejjE
LE6s92s_OUQ,"
          
          
          
          
            Je suis inquiet de la d√©rive de Sciences Po: linterview en int√©gralit√© dAlain Finkielkraut
          
        ",BFMTV,proposal,2024-05-08T15:20:59.653Z,,0,3,4,rg_c7jzejjE
CFFniXACoCY,Philippe Caverivi√®re face √† Rapha√´l Glucksmann,RTL  ,regular,2024-05-08T15:21:08.963Z,,6000,4,5,
BgHO4BRg-9M,"
          
          
          
          
            Philippe Caverivi√®re face √† Renaud Muselier
          
        ",RTL  ,proposal,2024-05-08T15:21:09.353Z,,0,4,5,CFFniXACoCY
C8Xq6ndWNjg,"
          
          
          
          
            Top 5 des vid√©os de Philippe Caverivi√®re les plus vues en 2023
          
        ",RTL  ,proposal,2024-05-08T15:21:09.414Z,,0,4,5,CFFniXACoCY
ghaGA3ZrvmU,"
          
          
          
          
            Le d√©bat des europ√©ennes, avec Jordan Bardella et Rapha√´l Glucksmann
          
        ",France Inter,proposal,2024-05-08T15:21:09.573Z,,0,4,5,CFFniXACoCY
fPcaQoHXQqU,"
          
          
          
          
            Bertrand Usclat est coach en s√©duction ft. Benjamin Trani√© - Broute 24 - CANAL+
          
        ",CANAL+,proposal,2024-05-08T15:21:09.602Z,,0,4,5,CFFniXACoCY
0JVO6mc1wX4,"
          
          
          
          
            Gaspard Proust - Chronique du 7 mai
          
        ",Europe 1,proposal,2024-05-08T15:21:09.642Z,,0,4,5,CFFniXACoCY
9R1aTTeA3wI,"
          
          
          
          
            Philippe Caverivi√®re face √† Mathilde Panot
          
        ",RTL  ,proposal,2024-05-08T15:21:09.673Z,,0,4,5,CFFniXACoCY
n5SJhZcw2kw,"
          
          
          
          
            Philippe Caverivi√®re face √† Nicolas de Tavernost
          
        ",RTL  ,proposal,2024-05-08T15:21:09.696Z,,0,4,5,CFFniXACoCY
q9GAahkTLME,"
          
          
          
          
            Mineurs d√©linquants, Russie, Sciences Po‚Ä¶ lint√©gralit√© de linterview de Marine Le Pen
          
        ",BFMTV,proposal,2024-05-08T15:21:09.721Z,,0,4,5,CFFniXACoCY
1IalkI6wIeo,"
          
          
          
          
            Lint√©grale de lOeil de Philippe Caverivi√®re : semaine #18
          
        ",RTL  ,proposal,2024-05-08T15:21:09.760Z,,0,4,5,CFFniXACoCY
4Kftid4ouA0,"
          
          
          
          
            Cor√©e du Nord, G√©rard Depardieu, Sciences Po... Yann Moix est linvit√© du Face √† Face
          
        ",BFMTV,proposal,2024-05-08T15:21:09.788Z,,0,4,5,CFFniXACoCY
RdlQ6MVW23Q,"
          
          
          
          
            Philippe Caverivi√®re face √† Nicolas Sarkozy
          
        ",RTL  ,proposal,2024-05-08T15:21:09.811Z,,0,4,5,CFFniXACoCY
5ncJCVFYEO8,"
          
          
          
          
            GUILLAUME MEURICE CONVOQU√â : FIN DE LA LIBERT√â DEXPRESSION SUR LE SERVICE PUBLIC ?
          
        ",Le M√©dia,proposal,2024-05-08T15:21:09.846Z,,0,4,5,CFFniXACoCY
2eRsM9vS8hw,"
          
          
          
          
            Le Grand Jury - Europ√©ennes : le grand d√©bat (lint√©grale)
          
        ",RTL  ,proposal,2024-05-08T15:21:09.877Z,,0,4,5,CFFniXACoCY
cesoPQEUoDk,"
          
          
          
          
            Comment booster les audiences selon Gaspard Proust ?
          
        ",Europe 1,proposal,2024-05-08T15:21:09.900Z,,0,4,5,CFFniXACoCY
m7fqkUPpzEo,"
          
          
          
          
            Philippe Caverivi√®re face √† Me Nabil Boudi
          
        ",RTL  ,proposal,2024-05-08T15:21:09.925Z,,0,4,5,CFFniXACoCY
IGjW84kTZp4,"
          
          
          
          
            La vengeance est un plat qui se mange froid - L‚ÄôABC - C √† Vous - 07/05/2024
          
        ",C √† vous,proposal,2024-05-08T15:21:09.954Z,,0,4,5,CFFniXACoCY
jo8HCTZyuvI,"
          
          
          
          
            üíò Fabrice Luchini, sa d√©claration √† Bernard Pivot - Vivement Dimanche 19 juin 2011
          
        ",Vivement Dimanche ,proposal,2024-05-08T15:21:09.989Z,,0,4,5,CFFniXACoCY
2ck2TvMWiTs,"
          
          
          
          
            Philippe Caverivi√®re face √† Robert M√©nard
          
        ",RTL  ,proposal,2024-05-08T15:21:10.043Z,,0,4,5,CFFniXACoCY
N-W9__UL978,"
          
          
          
          
            8 Mai sans Amandine B√©got : le 2e Oeil de Philippe Caverivi√®re
          
        ",RTL  ,proposal,2024-05-08T15:21:10.070Z,,0,4,5,CFFniXACoCY
Vl1QApX8--E,"
          
          
          
          
            Grand jury - Europ√©ennes 2024 : le grand d√©bat | √âv√®nement - 05/05/2024
          
        ",LCP - Assembl√©e nationale,proposal,2024-05-08T15:21:10.094Z,,0,4,5,CFFniXACoCY
BgHO4BRg-9M,Philippe Caverivi√®re face √† Renaud Muselier,RTL  ,homepage,2024-05-08T15:21:21.540Z,0.0,0,5,5,
3022K8yE6Y0,Le r√©sum√© de Paris SG / Dortmund - Ligue des Champions 2023-24 (1/2 finale retour),CANAL+ Sport,homepage,2024-05-08T15:21:21.602Z,0.0,0,5,5,
Vl1QApX8--E,Grand jury - Europ√©ennes 2024 : le grand d√©bat | √âv√®nement - 05/05/2024,LCP - Assembl√©e nationale,homepage,2024-05-08T15:21:21.775Z,0.0,0,5,5,
UDooQ8uFRvo,[MARCH√â DE LARMEMENT] Comment la France a d√©pass√© la Russie,Xavier Tytelman,homepage,2024-05-08T15:21:21.885Z,0.0,0,5,5,
54Mm5aNh0Co,"ESPION DGSE: PRIS EN OTAGE EN LIBYE, SON AMI EST EXE.CUT√â DEVANT LUI IL RACONTE SA MISSION EN D√âTAIL",LEGEND,homepage,2024-05-08T15:21:22.137Z,0.0,0,5,5,
VNfHiIgNzU0,IMAGES HISTORIQUES RARES √† voir avant de MOURIR üò≤‚åõ Photos Anciennes,Moiti√© du Si√®cle,homepage,2024-05-08T15:21:22.178Z,0.0,0,5,5,
5dfI9L3m7KA,Le p√©tanque explorer c‚Äôest officiel. Et on s‚Äôentra√Æne avec Dylan Rocher le meilleur joueur du monde,Mcfly et Carlito,homepage,2024-05-08T15:21:22.274Z,0.0,0,5,5,
0Vz56tIYu7o,BRI: the French response to gangsters,Investigations et Enqu√™tes,homepage,2024-05-08T15:21:22.466Z,0.0,0,5,5,
VZgK41z1gAw,Etienne Chouard: Le suffrage universel pour √©lire des ma√Ætres ? Ils se foutent de notre gueule !,Karl Z√©ro Absolu,homepage,2024-05-08T15:21:22.726Z,0.0,0,5,5,
yEyr-M0AdSE,ZEN #14 avec Natoo - Saison 3,Zen Emission,homepage,2024-05-08T15:21:22.897Z,0.0,0,5,5,
5oRnEryfoHI,LE GRAND D√âBAT (ft Mcfly & Carlito),Djilsi,homepage,2024-05-08T15:21:22.969Z,0.0,0,5,5,
55KasQd_68Y,CACHE-CACHE √âDITION CAMOUFLAGE EXTR√äME  #4,Amixem,homepage,2024-05-08T15:21:22.995Z,0.0,0,5,5,
S-XWLZxxBe8,PSG 0-1 Dortmund : Le d√©brief de l√©limination du Paris Saint-Germain,L'√âQUIPE,homepage,2024-05-08T15:21:23.018Z,0.0,0,5,5,
JGVq7J5_sTk,Live at Met Gala 2024 With Vogue,Vogue,homepage,2024-05-08T15:21:23.036Z,0.0,0,5,5,
T6eK-2OQtew,Not Like Us,Kendrick Lamar,homepage,2024-05-08T15:21:23.055Z,0.0,0,5,5,
DFaUqSj-HHI,Myl√®ne Farmer - Nevermore Le Film (Teaser # 1),Myl√®ne Farmer,homepage,2024-05-08T15:21:23.072Z,0.0,0,5,5,
ov_wDIEpG_g,RK - MOUSSA PART. I,RK OFFICIEL,homepage,2024-05-08T15:21:23.098Z,0.0,0,5,5,
f1J38FlDKxo,Apple Event - May 7,Apple,homepage,2024-05-08T15:21:23.120Z,0.0,0,5,5,
IshqGJ7UWHY,üî¥üîµ PSG - DORTMUND LIVE / üî•ALLEZ PARIS! / üö®LA FINALE ET RIEN DAUTRE! / LIGUE DES CHAMPIONS / UCL LDC,L' immigr√© parisien,homepage,2024-05-08T15:21:23.136Z,0.0,0,5,5,
JgmnPZmOjPk,"Eva, Damso - Du feu",Eva,homepage,2024-05-08T15:21:23.154Z,0.0,0,5,5,
vUTOEA5FgXE,Jai pris en main les nouveaux iPad Pro OLED 2024 !,TheiCollection,homepage,2024-05-08T15:21:23.169Z,0.0,0,5,5,
wrs1aSTdtog,THE CROCODILE DIDNT KNOW THE BABOONS WOULD DO THIS,Mundo Animal,homepage,2024-05-08T15:21:23.191Z,0.0,0,5,5,
kFMw-t4uYcY,Fran√ßois-Xavier Bellamy √† lUniversit√© Lib√© : Le Grand Oral des europ√©ennes,Fran√ßois-Xavier Bellamy,homepage,2024-05-08T15:21:23.212Z,0.0,0,5,5,
UqHf1k4vMA4,Loris Giuliano & Pierre Niney en balade,Station Service,homepage,2024-05-08T15:21:23.233Z,0.0,0,5,5,
1TtvG18iSxY,Dua Lipa - These Walls (Official Visualiser),Dua Lipa,homepage,2024-05-08T15:21:23.255Z,0.0,0,5,5,
NPqDIwWMtxg,euphoria,Kendrick Lamar,homepage,2024-05-08T15:21:23.272Z,0.0,0,5,5,
ZkXG3ZrXlbc,DRAKE - FAMILY MATTERS,Drake,homepage,2024-05-08T15:21:23.297Z,0.0,0,5,5,
aFwlW1mummU,Heuss LEnfoir√© - M√©lanine ft. Werenoi (Clip Officiel),Heuss L'Enfoir√©,homepage,2024-05-08T15:21:23.318Z,0.0,0,5,5,
Azxg-EX_Y-g,Soolking - Otra [Clip Officiel],Soolking Officiel,homepage,2024-05-08T15:21:23.337Z,0.0,0,5,5,
P-pgjy865Ag,Sia - Immortal Queen (feat. Chaka Khan) (Official Lyric Video),Sia,homepage,2024-05-08T15:21:23.358Z,0.0,0,5,5,
KK1Y0cejF3w,Soprano - Facile √† danser (Clip officiel),Soprano Officiel,homepage,2024-05-08T15:21:23.382Z,0.0,0,5,5,
50MSZx2blNc,Dadju & Tayc - Longue Vie (Vid√©o officielle),H√©ritage,homepage,2024-05-08T15:21:23.408Z,0.0,0,5,5,
Ql5hkwoU9tA,Sommet,Amir,homepage,2024-05-08T15:21:23.429Z,0.0,0,5,5,
39w5wOJXqBE,"Purple Disco Machine, Benjamin Ingrosso feat. Nile Rodgers & Shenseea - Honey Boy (Offi...",Purple Disco Machine,homepage,2024-05-08T15:21:23.449Z,0.0,0,5,5,
ga7OyvFyTsU,Lyna Mahyem - Ya Zina (Audio officiel),Lyna Mahyem,homepage,2024-05-08T15:21:23.469Z,0.0,0,5,5,
6BGmX2W6ano,Brides for sale - Bulgarias Roma marriage market üáßüá¨,Joe HaTTab,homepage,2024-05-08T15:21:23.494Z,0.0,0,5,5,
QrMIE58-HMw,Plastic Welding Method That Motorcycle Mechanics Dont Want You To Know! Learn This And Save Money!,Inventor SC,homepage,2024-05-08T15:21:23.514Z,0.0,0,5,5,
nxPpvbQqXuE,Quest devenu le tout premier Influvoleur ?,Simon Puech,homepage,2024-05-08T15:21:23.535Z,0.0,0,5,5,
fIGNkkaTRw0,Isra√´l-Palestine : la solution √† 2 √©tats est-elle encore possible ? - C Ce soir du 13 septembre 2023,C ce soir,homepage,2024-05-08T15:21:23.554Z,0.0,0,5,5,
DEJ9UHsNVeM,PING - SAUDI SMASH (Jeddah) : LIVE COMMENTE,RMCSport,homepage,2024-05-08T15:21:23.573Z,0.0,0,5,5,
0tu3L1KTyuA,"RAMBO 6: NEW BLOOD ‚Äì First Trailer | Sylvester Stallone, Jon Bernthal",Screen Trailers,homepage,2024-05-08T15:21:23.596Z,0.0,0,5,5,
OHIV3chiDwc,Des troupes russes mass√©es aux fronti√®res nord-est,LCI,homepage,2024-05-08T15:21:23.618Z,0.0,0,5,5,
hLhYql-cR-k,Inside Rowan Atkinson‚Äôs Multi Million Dollar Car Collection,Millionaire Garage,homepage,2024-05-08T15:21:23.636Z,0.0,0,5,5,
dy2r96df5CY,Attacks by aggressive wild boars. Amazing wild boar hunting and Caucasian Tur in Chechen Republic,–û–•–û–¢–ê –í –†–û–°–°–ò–ò,homepage,2024-05-08T15:21:23.658Z,0.0,0,5,5,
BgHO4BRg-9M,Philippe Caverivi√®re face √† Renaud Muselier,RTL  ,regular,2024-05-08T15:21:43.141Z,,6000,6,6,
N-W9__UL978,"
          
          
          
          
            8 Mai sans Amandine B√©got : le 2e Oeil de Philippe Caverivi√®re
          
        ",RTL  ,proposal,2024-05-08T15:21:43.478Z,,0,6,6,BgHO4BRg-9M
2ck2TvMWiTs,"
          
          
          
          
            Philippe Caverivi√®re face √† Robert M√©nard
          
        ",RTL  ,proposal,2024-05-08T15:21:43.522Z,,0,6,6,BgHO4BRg-9M
VlGe9lT5qr8,"
          
          
          
          
            Lint√©grale de lOeil de Philippe Caverivi√®re : semaine #15
          
        ",RTL  ,proposal,2024-05-08T15:21:43.615Z,,0,6,6,BgHO4BRg-9M
CFFniXACoCY,"
          
          
          
          
            Philippe Caverivi√®re face √† Rapha√´l Glucksmann
          
        ",RTL  ,proposal,2024-05-08T15:21:43.634Z,,0,6,6,BgHO4BRg-9M
xPLQIMxmke8,"
          
          
          
          
            Philippe Caverivi√®re face √† Alain Jupp√©
          
        ",RTL  ,proposal,2024-05-08T15:21:43.680Z,,0,6,6,BgHO4BRg-9M
vadudHWO-CI,"
          
          
          
          
            IL VIENT AVEC SON EX -  REDOUANE BOUGHERABA
          
        ",Redouane Bougheraba TV,proposal,2024-05-08T15:21:43.703Z,,0,6,6,BgHO4BRg-9M
9R1aTTeA3wI,"
          
          
          
          
            Philippe Caverivi√®re face √† Mathilde Panot
          
        ",RTL  ,proposal,2024-05-08T15:21:43.719Z,,0,6,6,BgHO4BRg-9M
ClAsS0rDiEg,"
          
          
          
          
            Philippe Caverivi√®re face √† Emmanuel Macron
          
        ",RTL  ,proposal,2024-05-08T15:21:43.752Z,,0,6,6,BgHO4BRg-9M
m7fqkUPpzEo,"
          
          
          
          
            Philippe Caverivi√®re face √† Me Nabil Boudi
          
        ",RTL  ,proposal,2024-05-08T15:21:43.787Z,,0,6,6,BgHO4BRg-9M
cesoPQEUoDk,"
          
          
          
          
            Comment booster les audiences selon Gaspard Proust ?
          
        ",Europe 1,proposal,2024-05-08T15:21:43.807Z,,0,6,6,BgHO4BRg-9M
C8Xq6ndWNjg,"
          
          
          
          
            Top 5 des vid√©os de Philippe Caverivi√®re les plus vues en 2023
          
        ",RTL  ,proposal,2024-05-08T15:21:43.822Z,,0,6,6,BgHO4BRg-9M
1IalkI6wIeo,"
          
          
          
          
            Lint√©grale de lOeil de Philippe Caverivi√®re : semaine #18
          
        ",RTL  ,proposal,2024-05-08T15:21:43.846Z,,0,6,6,BgHO4BRg-9M
5p5kgLPfpmA,"
          
          
          
          
            Philippe Caverivi√®re face au Lieutenant-colonel Claire, premi√®re femme √† piloter un Rafale
          
        ",RTL  ,proposal,2024-05-08T15:21:43.875Z,,0,6,6,BgHO4BRg-9M
QnzXsOvDcu0,"
          
          
          
          
            Philippe Caverivi√®re face √† Michel Picon
          
        ",RTL  ,proposal,2024-05-08T15:21:43.893Z,,0,6,6,BgHO4BRg-9M
Kqkffs5hphc,"
          
          
          
          
            Philippe Caverivi√®re face √† la maire de Strasbourg, Jeanne Barseghian
          
        ",RTL  ,proposal,2024-05-08T15:21:43.908Z,,0,6,6,BgHO4BRg-9M
ic8vSW4z_s8,"
          
          
          
          
            Philippe Caverivi√®re face √† Fabien Roussel
          
        ",RTL  ,proposal,2024-05-08T15:21:43.922Z,,0,6,6,BgHO4BRg-9M
BhHIKX4ucdc,"
          
          
          
          
            Philippe Caverivi√®re face √† Yonathan Arfi
          
        ",RTL  ,proposal,2024-05-08T15:21:43.942Z,,0,6,6,BgHO4BRg-9M
WkIPiTh3q2Y,"
          
          
          
          
            Philippe Caverivi√®re face (presque) √† Line Renaud
          
        ",RTL  ,proposal,2024-05-08T15:21:43.961Z,,0,6,6,BgHO4BRg-9M
v3tMSl6Fhfg,"
          
          
          
          
            Europ√©ennes J-30 : le point de vue de J√©r√¥me Fourquet
          
        ",Le Figaro,proposal,2024-05-08T15:21:43.977Z,,0,6,6,BgHO4BRg-9M
cJOz1GwWjAk,"
          
          
          
          
            Explications d‚Äôune blague √† la direction - La chronique dAymeric Lompret
          
        ",France Inter,proposal,2024-05-08T15:21:43.992Z,,0,6,6,BgHO4BRg-9M
