TF1;00_NATIONAL;ARTHAUD NATHALIE;Candidat;00:02:06;2.41
TF1;00_NATIONAL;ARTHAUD NATHALIE;Soutiens;00:00:33;1.84
TF1;00_NATIONAL;ARTHAUD NATHALIE;Total Temps de parole;00:02:39;2.26
TF1;00_NATIONAL;ARTHAUD NATHALIE;Antenne;00:01:26;1.72
TF1;00_NATIONAL;ARTHAUD NATHALIE;Total Temps d'antenne;00:04:05;2.04
TF1;00_NATIONAL;ASSELINEAU FRANCOIS;Candidat;00:00:13;0.25
TF1;00_NATIONAL;ASSELINEAU FRANCOIS;Soutiens;00:00:00;-
TF1;00_NATIONAL;ASSELINEAU FRANCOIS;Total Temps de parole;00:00:13;0.18
TF1;00_NATIONAL;ASSELINEAU FRANCOIS;Antenne;00:00:07;0.14
TF1;00_NATIONAL;ASSELINEAU FRANCOIS;Total Temps d'antenne;00:00:20;0.17
TF1;00_NATIONAL;DUPONT AIGNAN NICOLAS;Candidat;00:03:32;4.05
TF1;00_NATIONAL;DUPONT AIGNAN NICOLAS;Soutiens;00:00:24;1.33
TF1;00_NATIONAL;DUPONT AIGNAN NICOLAS;Total Temps de parole;00:03:56;3.36
TF1;00_NATIONAL;DUPONT AIGNAN NICOLAS;Antenne;00:01:42;2.04
TF1;00_NATIONAL;DUPONT AIGNAN NICOLAS;Total Temps d'antenne;00:05:38;2.81
TF1;00_NATIONAL;HIDALGO ANNE;Candidat;00:02:13;2.54
TF1;00_NATIONAL;HIDALGO ANNE;Soutiens;00:02:20;7.79
TF1;00_NATIONAL;HIDALGO ANNE;Total Temps de parole;00:04:33;3.88
TF1;00_NATIONAL;HIDALGO ANNE;Antenne;00:02:19;2.79
TF1;00_NATIONAL;HIDALGO ANNE;Total Temps d'antenne;00:06:52;3.43
TF1;00_NATIONAL;JADOT YANNICK;Candidat;00:11:22;13.03
TF1;00_NATIONAL;JADOT YANNICK;Soutiens;00:00:00;-
TF1;00_NATIONAL;JADOT YANNICK;Total Temps de parole;00:11:22;9.70
TF1;00_NATIONAL;JADOT YANNICK;Antenne;00:07:14;8.70
TF1;00_NATIONAL;JADOT YANNICK;Total Temps d'antenne;00:18:36;9.28
TF1;00_NATIONAL;KOENIG GASPARD;Candidat;00:00:16;0.31
TF1;00_NATIONAL;KOENIG GASPARD;Soutiens;00:00:00;-
TF1;00_NATIONAL;KOENIG GASPARD;Total Temps de parole;00:00:16;0.23
TF1;00_NATIONAL;KOENIG GASPARD;Antenne;00:00:13;0.26
TF1;00_NATIONAL;KOENIG GASPARD;Total Temps d'antenne;00:00:29;0.24
TF1;00_NATIONAL;LASSALLE JEAN;Candidat;00:00:18;0.34
TF1;00_NATIONAL;LASSALLE JEAN;Soutiens;00:00:00;-
TF1;00_NATIONAL;LASSALLE JEAN;Total Temps de parole;00:00:18;0.26
TF1;00_NATIONAL;LASSALLE JEAN;Antenne;00:00:13;0.26
TF1;00_NATIONAL;LASSALLE JEAN;Total Temps d'antenne;00:00:31;0.26
TF1;00_NATIONAL;LE PEN MARINE;Candidat;00:16:28;18.87
TF1;00_NATIONAL;LE PEN MARINE;Soutiens;00:02:51;9.51
TF1;00_NATIONAL;LE PEN MARINE;Total Temps de parole;00:19:19;16.48
TF1;00_NATIONAL;LE PEN MARINE;Antenne;00:14:23;17.29
TF1;00_NATIONAL;LE PEN MARINE;Total Temps d'antenne;00:33:42;16.82
TF1;00_NATIONAL;MACRON EMMANUEL;Candidat;00:02:24;2.75
TF1;00_NATIONAL;MACRON EMMANUEL;Soutiens;00:08:39;28.87
TF1;00_NATIONAL;MACRON EMMANUEL;Total Temps de parole;00:11:03;9.43
TF1;00_NATIONAL;MACRON EMMANUEL;Antenne;00:12:48;15.39
TF1;00_NATIONAL;MACRON EMMANUEL;Total Temps d'antenne;00:23:51;11.90
TF1;00_NATIONAL;MELENCHON JEAN LUC;Candidat;00:14:56;17.12
TF1;00_NATIONAL;MELENCHON JEAN LUC;Soutiens;00:01:50;6.12
TF1;00_NATIONAL;MELENCHON JEAN LUC;Total Temps de parole;00:16:46;14.30
TF1;00_NATIONAL;MELENCHON JEAN LUC;Antenne;00:12:06;14.55
TF1;00_NATIONAL;MELENCHON JEAN LUC;Total Temps d'antenne;00:28:52;14.41
TF1;00_NATIONAL;MONTEBOURG ARNAUD;Candidat;00:00:27;0.52
TF1;00_NATIONAL;MONTEBOURG ARNAUD;Soutiens;00:00:00;-
TF1;00_NATIONAL;MONTEBOURG ARNAUD;Total Temps de parole;00:00:27;0.38
TF1;00_NATIONAL;MONTEBOURG ARNAUD;Antenne;00:00:10;0.20
TF1;00_NATIONAL;MONTEBOURG ARNAUD;Total Temps d'antenne;00:00:37;0.31
TF1;00_NATIONAL;PECRESSE VALERIE;Candidat;00:12:07;13.89
TF1;00_NATIONAL;PECRESSE VALERIE;Soutiens;00:05:02;16.80
TF1;00_NATIONAL;PECRESSE VALERIE;Total Temps de parole;00:17:09;14.63
TF1;00_NATIONAL;PECRESSE VALERIE;Antenne;00:09:00;10.82
TF1;00_NATIONAL;PECRESSE VALERIE;Total Temps d'antenne;00:26:09;13.05
TF1;00_NATIONAL;PHILIPPOT FLORIAN;Candidat;00:00:18;0.34
TF1;00_NATIONAL;PHILIPPOT FLORIAN;Soutiens;00:00:00;-
TF1;00_NATIONAL;PHILIPPOT FLORIAN;Total Temps de parole;00:00:18;0.26
TF1;00_NATIONAL;PHILIPPOT FLORIAN;Antenne;00:00:06;0.12
TF1;00_NATIONAL;PHILIPPOT FLORIAN;Total Temps d'antenne;00:00:24;0.20
TF1;00_NATIONAL;POUTOU PHILIPPE;Candidat;00:00:12;0.23
TF1;00_NATIONAL;POUTOU PHILIPPE;Soutiens;00:00:00;-
TF1;00_NATIONAL;POUTOU PHILIPPE;Total Temps de parole;00:00:12;0.17
TF1;00_NATIONAL;POUTOU PHILIPPE;Antenne;00:00:13;0.26
TF1;00_NATIONAL;POUTOU PHILIPPE;Total Temps d'antenne;00:00:25;0.21
TF1;00_NATIONAL;ROUSSEL FABIEN;Candidat;00:06:18;7.22
TF1;00_NATIONAL;ROUSSEL FABIEN;Soutiens;00:00:26;1.45
TF1;00_NATIONAL;ROUSSEL FABIEN;Total Temps de parole;00:06:44;5.74
TF1;00_NATIONAL;ROUSSEL FABIEN;Antenne;00:01:32;1.84
TF1;00_NATIONAL;ROUSSEL FABIEN;Total Temps d'antenne;00:08:16;4.13
TF1;00_NATIONAL;TAUBIRA CHRISTIANE;Candidat;00:01:57;2.23
TF1;00_NATIONAL;TAUBIRA CHRISTIANE;Soutiens;00:00:26;1.45
TF1;00_NATIONAL;TAUBIRA CHRISTIANE;Total Temps de parole;00:02:23;2.03
TF1;00_NATIONAL;TAUBIRA CHRISTIANE;Antenne;00:03:08;3.77
TF1;00_NATIONAL;TAUBIRA CHRISTIANE;Total Temps d'antenne;00:05:31;2.75
TF1;00_NATIONAL;THOUY HELENE;Candidat;00:00:38;0.73
TF1;00_NATIONAL;THOUY HELENE;Soutiens;00:00:03;0.17
TF1;00_NATIONAL;THOUY HELENE;Total Temps de parole;00:00:41;0.58
TF1;00_NATIONAL;THOUY HELENE;Antenne;00:01:53;2.26
TF1;00_NATIONAL;THOUY HELENE;Total Temps d'antenne;00:02:34;1.28
TF1;00_NATIONAL;ZEMMOUR ERIC;Candidat;00:11:30;13.18
TF1;00_NATIONAL;ZEMMOUR ERIC;Soutiens;00:07:24;24.69
TF1;00_NATIONAL;ZEMMOUR ERIC;Total Temps de parole;00:18:54;16.12
TF1;00_NATIONAL;ZEMMOUR ERIC;Antenne;00:14:37;17.58
TF1;00_NATIONAL;ZEMMOUR ERIC;Total Temps d'antenne;00:33:31;16.73
TF1;00_NATIONAL;Total candidats;Candidat;01:27:15;100.00
TF1;00_NATIONAL;Total candidats;Soutiens;00:29:58;100.00
TF1;00_NATIONAL;Total candidats;Total Temps de parole;01:57:13;100.00
TF1;00_NATIONAL;Total candidats;Antenne;01:23:10;100.00
TF1;00_NATIONAL;Total candidats;Total Temps d'antenne;03:20:23;100.00
France2;00_NATIONAL;ARTHAUD NATHALIE;Candidat;00:00:00;-
France2;00_NATIONAL;ARTHAUD NATHALIE;Soutiens;00:00:28;0.26
France2;00_NATIONAL;ARTHAUD NATHALIE;Total Temps de parole;00:00:28;0.08
France2;00_NATIONAL;ARTHAUD NATHALIE;Antenne;00:00:03;0.03
France2;00_NATIONAL;ARTHAUD NATHALIE;Total Temps d'antenne;00:00:31;0.07
France2;00_NATIONAL;ASSELINEAU FRANCOIS;Candidat;00:10:25;2.63
France2;00_NATIONAL;ASSELINEAU FRANCOIS;Soutiens;00:00:00;-
France2;00_NATIONAL;ASSELINEAU FRANCOIS;Total Temps de parole;00:10:25;1.81
France2;00_NATIONAL;ASSELINEAU FRANCOIS;Antenne;00:00:53;0.50
France2;00_NATIONAL;ASSELINEAU FRANCOIS;Total Temps d'antenne;00:11:18;1.50
France2;00_NATIONAL;DUPONT AIGNAN NICOLAS;Candidat;00:25:20;6.39
France2;00_NATIONAL;DUPONT AIGNAN NICOLAS;Soutiens;00:00:00;-
France2;00_NATIONAL;DUPONT AIGNAN NICOLAS;Total Temps de parole;00:25:20;4.40
France2;00_NATIONAL;DUPONT AIGNAN NICOLAS;Antenne;00:02:52;1.62
France2;00_NATIONAL;DUPONT AIGNAN NICOLAS;Total Temps d'antenne;00:28:12;3.75
France2;00_NATIONAL;HIDALGO ANNE;Candidat;00:32:02;8.08
France2;00_NATIONAL;HIDALGO ANNE;Soutiens;00:08:00;4.47
France2;00_NATIONAL;HIDALGO ANNE;Total Temps de parole;00:40:02;6.96
France2;00_NATIONAL;HIDALGO ANNE;Antenne;00:04:59;2.82
France2;00_NATIONAL;HIDALGO ANNE;Total Temps d'antenne;00:45:01;5.99
France2;00_NATIONAL;JADOT YANNICK;Candidat;00:12:51;3.24
France2;00_NATIONAL;JADOT YANNICK;Soutiens;00:10:11;5.69
France2;00_NATIONAL;JADOT YANNICK;Total Temps de parole;00:23:02;4.00
France2;00_NATIONAL;JADOT YANNICK;Antenne;00:06:13;3.52
France2;00_NATIONAL;JADOT YANNICK;Total Temps d'antenne;00:29:15;3.89
France2;00_NATIONAL;KAZIB ANASSE;Candidat;00:00:31;0.13
France2;00_NATIONAL;KAZIB ANASSE;Soutiens;00:00:00;-
France2;00_NATIONAL;KAZIB ANASSE;Total Temps de parole;00:00:31;0.09
France2;00_NATIONAL;KAZIB ANASSE;Antenne;00:00:46;0.43
France2;00_NATIONAL;KAZIB ANASSE;Total Temps d'antenne;00:01:17;0.17
France2;00_NATIONAL;KOENIG GASPARD;Candidat;00:10:20;2.61
France2;00_NATIONAL;KOENIG GASPARD;Soutiens;00:00:00;-
France2;00_NATIONAL;KOENIG GASPARD;Total Temps de parole;00:10:20;1.80
France2;00_NATIONAL;KOENIG GASPARD;Antenne;00:01:21;0.76
France2;00_NATIONAL;KOENIG GASPARD;Total Temps d'antenne;00:11:41;1.55
France2;00_NATIONAL;LARROUTUROU PIERRE;Candidat;00:09:43;2.45
France2;00_NATIONAL;LARROUTUROU PIERRE;Soutiens;00:00:00;-
France2;00_NATIONAL;LARROUTUROU PIERRE;Total Temps de parole;00:09:43;1.69
France2;00_NATIONAL;LARROUTUROU PIERRE;Antenne;00:00:46;0.43
France2;00_NATIONAL;LARROUTUROU PIERRE;Total Temps d'antenne;00:10:29;1.39
France2;00_NATIONAL;LASSALLE JEAN;Candidat;00:04:49;1.22
France2;00_NATIONAL;LASSALLE JEAN;Soutiens;00:00:00;-
France2;00_NATIONAL;LASSALLE JEAN;Total Temps de parole;00:04:49;0.84
France2;00_NATIONAL;LASSALLE JEAN;Antenne;00:00:10;0.09
France2;00_NATIONAL;LASSALLE JEAN;Total Temps d'antenne;00:04:59;0.66
France2;00_NATIONAL;LE PEN MARINE;Candidat;00:25:01;6.31
France2;00_NATIONAL;LE PEN MARINE;Soutiens;00:29:03;16.24
France2;00_NATIONAL;LE PEN MARINE;Total Temps de parole;00:54:04;9.40
France2;00_NATIONAL;LE PEN MARINE;Antenne;00:17:15;9.77
France2;00_NATIONAL;LE PEN MARINE;Total Temps d'antenne;01:11:19;9.49
France2;00_NATIONAL;MACRON EMMANUEL;Candidat;00:02:03;0.52
France2;00_NATIONAL;MACRON EMMANUEL;Soutiens;00:50:04;27.98
France2;00_NATIONAL;MACRON EMMANUEL;Total Temps de parole;00:52:07;9.06
France2;00_NATIONAL;MACRON EMMANUEL;Antenne;00:19:15;10.91
France2;00_NATIONAL;MACRON EMMANUEL;Total Temps d'antenne;01:11:22;9.49
France2;00_NATIONAL;MELENCHON JEAN LUC;Candidat;02:11:44;33.23
France2;00_NATIONAL;MELENCHON JEAN LUC;Soutiens;00:24:38;13.77
France2;00_NATIONAL;MELENCHON JEAN LUC;Total Temps de parole;02:36:22;27.18
France2;00_NATIONAL;MELENCHON JEAN LUC;Antenne;00:50:06;28.39
France2;00_NATIONAL;MELENCHON JEAN LUC;Total Temps d'antenne;03:26:28;27.46
France2;00_NATIONAL;PECRESSE VALERIE;Candidat;00:44:31;11.23
France2;00_NATIONAL;PECRESSE VALERIE;Soutiens;00:34:16;19.15
France2;00_NATIONAL;PECRESSE VALERIE;Total Temps de parole;01:18:47;13.69
France2;00_NATIONAL;PECRESSE VALERIE;Antenne;00:22:59;13.02
France2;00_NATIONAL;PECRESSE VALERIE;Total Temps d'antenne;01:41:46;13.54
France2;00_NATIONAL;PHILIPPOT FLORIAN;Candidat;00:00:00;-
France2;00_NATIONAL;PHILIPPOT FLORIAN;Soutiens;00:00:00;-
France2;00_NATIONAL;PHILIPPOT FLORIAN;Total Temps de parole;00:00:00;-
France2;00_NATIONAL;PHILIPPOT FLORIAN;Antenne;00:00:20;0.19
France2;00_NATIONAL;PHILIPPOT FLORIAN;Total Temps d'antenne;00:00:20;0.04
France2;00_NATIONAL;POUTOU PHILIPPE;Candidat;00:22:54;5.78
France2;00_NATIONAL;POUTOU PHILIPPE;Soutiens;00:00:00;-
France2;00_NATIONAL;POUTOU PHILIPPE;Total Temps de parole;00:22:54;3.98
France2;00_NATIONAL;POUTOU PHILIPPE;Antenne;00:03:00;1.70
France2;00_NATIONAL;POUTOU PHILIPPE;Total Temps d'antenne;00:25:54;3.44
France2;00_NATIONAL;ROUSSEL FABIEN;Candidat;00:11:20;2.86
France2;00_NATIONAL;ROUSSEL FABIEN;Soutiens;00:10:51;6.06
France2;00_NATIONAL;ROUSSEL FABIEN;Total Temps de parole;00:22:11;3.86
France2;00_NATIONAL;ROUSSEL FABIEN;Antenne;00:10:38;6.03
France2;00_NATIONAL;ROUSSEL FABIEN;Total Temps d'antenne;00:32:49;4.36
France2;00_NATIONAL;TAUBIRA CHRISTIANE;Candidat;00:12:34;3.17
France2;00_NATIONAL;TAUBIRA CHRISTIANE;Soutiens;00:00:00;-
France2;00_NATIONAL;TAUBIRA CHRISTIANE;Total Temps de parole;00:12:34;2.18
France2;00_NATIONAL;TAUBIRA CHRISTIANE;Antenne;00:10:14;5.80
France2;00_NATIONAL;TAUBIRA CHRISTIANE;Total Temps d'antenne;00:22:48;3.03
France2;00_NATIONAL;THOUY HELENE;Candidat;00:00:34;0.14
France2;00_NATIONAL;THOUY HELENE;Soutiens;00:00:00;-
France2;00_NATIONAL;THOUY HELENE;Total Temps de parole;00:00:34;0.10
France2;00_NATIONAL;THOUY HELENE;Antenne;00:00:23;0.22
France2;00_NATIONAL;THOUY HELENE;Total Temps d'antenne;00:00:57;0.13
France2;00_NATIONAL;ZEMMOUR ERIC;Candidat;00:39:44;10.02
France2;00_NATIONAL;ZEMMOUR ERIC;Soutiens;00:11:25;6.38
France2;00_NATIONAL;ZEMMOUR ERIC;Total Temps de parole;00:51:09;8.89
France2;00_NATIONAL;ZEMMOUR ERIC;Antenne;00:24:16;13.75
France2;00_NATIONAL;ZEMMOUR ERIC;Total Temps d'antenne;01:15:25;10.03
France2;00_NATIONAL;Total candidats;Candidat;06:36:26;100.00
France2;00_NATIONAL;Total candidats;Soutiens;02:58:56;100.00
France2;00_NATIONAL;Total candidats;Total Temps de parole;09:35:22;100.00
France2;00_NATIONAL;Total candidats;Antenne;02:56:29;100.00
France2;00_NATIONAL;Total candidats;Total Temps d'antenne;12:31:51;100.00
France3;00_NATIONAL;ARTHAUD NATHALIE;Candidat;00:00:31;0.32
France3;00_NATIONAL;ARTHAUD NATHALIE;Soutiens;00:00:00;-
France3;00_NATIONAL;ARTHAUD NATHALIE;Total Temps de parole;00:00:31;0.30
France3;00_NATIONAL;ARTHAUD NATHALIE;Antenne;00:00:37;1.13
France3;00_NATIONAL;ARTHAUD NATHALIE;Total Temps d'antenne;00:01:08;0.50
France3;00_NATIONAL;ASSELINEAU FRANCOIS;Candidat;00:00:40;0.42
France3;00_NATIONAL;ASSELINEAU FRANCOIS;Soutiens;00:00:00;-
France3;00_NATIONAL;ASSELINEAU FRANCOIS;Total Temps de parole;00:00:40;0.39
France3;00_NATIONAL;ASSELINEAU FRANCOIS;Antenne;00:00:04;0.12
France3;00_NATIONAL;ASSELINEAU FRANCOIS;Total Temps d'antenne;00:00:44;0.32
France3;00_NATIONAL;DUPONT AIGNAN NICOLAS;Candidat;00:10:14;6.38
France3;00_NATIONAL;DUPONT AIGNAN NICOLAS;Soutiens;00:00:00;-
France3;00_NATIONAL;DUPONT AIGNAN NICOLAS;Total Temps de parole;00:10:14;5.95
France3;00_NATIONAL;DUPONT AIGNAN NICOLAS;Antenne;00:00:50;1.52
France3;00_NATIONAL;DUPONT AIGNAN NICOLAS;Total Temps d'antenne;00:11:04;4.88
France3;00_NATIONAL;HIDALGO ANNE;Candidat;00:23:38;14.72
France3;00_NATIONAL;HIDALGO ANNE;Soutiens;00:00:23;3.34
France3;00_NATIONAL;HIDALGO ANNE;Total Temps de parole;00:24:01;13.97
France3;00_NATIONAL;HIDALGO ANNE;Antenne;00:02:15;4.11
France3;00_NATIONAL;HIDALGO ANNE;Total Temps d'antenne;00:26:16;11.58
France3;00_NATIONAL;JADOT YANNICK;Candidat;00:02:35;1.61
France3;00_NATIONAL;JADOT YANNICK;Soutiens;00:01:01;8.87
France3;00_NATIONAL;JADOT YANNICK;Total Temps de parole;00:03:36;2.09
France3;00_NATIONAL;JADOT YANNICK;Antenne;00:03:38;6.63
France3;00_NATIONAL;JADOT YANNICK;Total Temps d'antenne;00:07:14;3.19
France3;00_NATIONAL;LASSALLE JEAN;Candidat;00:00:18;0.19
France3;00_NATIONAL;LASSALLE JEAN;Soutiens;00:00:10;1.45
France3;00_NATIONAL;LASSALLE JEAN;Total Temps de parole;00:00:28;0.27
France3;00_NATIONAL;LASSALLE JEAN;Antenne;00:00:14;0.43
France3;00_NATIONAL;LASSALLE JEAN;Total Temps d'antenne;00:00:42;0.31
France3;00_NATIONAL;LE PEN MARINE;Candidat;00:28:50;17.96
France3;00_NATIONAL;LE PEN MARINE;Soutiens;00:00:53;7.70
France3;00_NATIONAL;LE PEN MARINE;Total Temps de parole;00:29:43;17.28
France3;00_NATIONAL;LE PEN MARINE;Antenne;00:06:38;12.11
France3;00_NATIONAL;LE PEN MARINE;Total Temps d'antenne;00:36:21;16.03
France3;00_NATIONAL;MACRON EMMANUEL;Candidat;00:01:24;0.87
France3;00_NATIONAL;MACRON EMMANUEL;Soutiens;00:03:38;31.69
France3;00_NATIONAL;MACRON EMMANUEL;Total Temps de parole;00:05:02;2.93
France3;00_NATIONAL;MACRON EMMANUEL;Antenne;00:07:09;13.05
France3;00_NATIONAL;MACRON EMMANUEL;Total Temps d'antenne;00:12:11;5.37
France3;00_NATIONAL;MELENCHON JEAN LUC;Candidat;00:02:27;1.53
France3;00_NATIONAL;MELENCHON JEAN LUC;Soutiens;00:00:14;2.03
France3;00_NATIONAL;MELENCHON JEAN LUC;Total Temps de parole;00:02:41;1.56
France3;00_NATIONAL;MELENCHON JEAN LUC;Antenne;00:05:37;10.25
France3;00_NATIONAL;MELENCHON JEAN LUC;Total Temps d'antenne;00:08:18;3.66
France3;00_NATIONAL;PECRESSE VALERIE;Candidat;00:26:27;16.48
France3;00_NATIONAL;PECRESSE VALERIE;Soutiens;00:01:56;16.86
France3;00_NATIONAL;PECRESSE VALERIE;Total Temps de parole;00:28:23;16.51
France3;00_NATIONAL;PECRESSE VALERIE;Antenne;00:09:09;16.70
France3;00_NATIONAL;PECRESSE VALERIE;Total Temps d'antenne;00:37:32;16.55
France3;00_NATIONAL;PHILIPPOT FLORIAN;Candidat;00:00:11;0.11
France3;00_NATIONAL;PHILIPPOT FLORIAN;Soutiens;00:00:00;-
France3;00_NATIONAL;PHILIPPOT FLORIAN;Total Temps de parole;00:00:11;0.11
France3;00_NATIONAL;PHILIPPOT FLORIAN;Antenne;00:00:00;-
France3;00_NATIONAL;PHILIPPOT FLORIAN;Total Temps d'antenne;00:00:11;0.08
France3;00_NATIONAL;POUTOU PHILIPPE;Candidat;00:00:03;0.03
France3;00_NATIONAL;POUTOU PHILIPPE;Soutiens;00:00:00;-
France3;00_NATIONAL;POUTOU PHILIPPE;Total Temps de parole;00:00:03;0.03
France3;00_NATIONAL;POUTOU PHILIPPE;Antenne;00:00:04;0.12
France3;00_NATIONAL;POUTOU PHILIPPE;Total Temps d'antenne;00:00:07;0.05
France3;00_NATIONAL;ROUSSEL FABIEN;Candidat;00:24:21;15.17
France3;00_NATIONAL;ROUSSEL FABIEN;Soutiens;00:01:21;11.77
France3;00_NATIONAL;ROUSSEL FABIEN;Total Temps de parole;00:25:42;14.94
France3;00_NATIONAL;ROUSSEL FABIEN;Antenne;00:04:57;9.04
France3;00_NATIONAL;ROUSSEL FABIEN;Total Temps d'antenne;00:30:39;13.52
France3;00_NATIONAL;TAUBIRA CHRISTIANE;Candidat;00:15:42;9.78
France3;00_NATIONAL;TAUBIRA CHRISTIANE;Soutiens;00:00:06;0.87
France3;00_NATIONAL;TAUBIRA CHRISTIANE;Total Temps de parole;00:15:48;9.19
France3;00_NATIONAL;TAUBIRA CHRISTIANE;Antenne;00:05:18;9.67
France3;00_NATIONAL;TAUBIRA CHRISTIANE;Total Temps d'antenne;00:21:06;9.31
France3;00_NATIONAL;THOUY HELENE;Candidat;00:00:18;0.19
France3;00_NATIONAL;THOUY HELENE;Soutiens;00:00:00;-
France3;00_NATIONAL;THOUY HELENE;Total Temps de parole;00:00:18;0.17
France3;00_NATIONAL;THOUY HELENE;Antenne;00:00:18;0.55
France3;00_NATIONAL;THOUY HELENE;Total Temps d'antenne;00:00:36;0.26
France3;00_NATIONAL;ZEMMOUR ERIC;Candidat;00:22:51;14.24
France3;00_NATIONAL;ZEMMOUR ERIC;Soutiens;00:01:46;15.41
France3;00_NATIONAL;ZEMMOUR ERIC;Total Temps de parole;00:24:37;14.31
France3;00_NATIONAL;ZEMMOUR ERIC;Antenne;00:07:59;14.57
France3;00_NATIONAL;ZEMMOUR ERIC;Total Temps d'antenne;00:32:36;14.38
France3;00_NATIONAL;Total candidats;Candidat;02:40:30;100.00
France3;00_NATIONAL;Total candidats;Soutiens;00:11:28;100.00
France3;00_NATIONAL;Total candidats;Total Temps de parole;02:51:58;100.00
France3;00_NATIONAL;Total candidats;Antenne;00:54:47;100.00
France3;00_NATIONAL;Total candidats;Total Temps d'antenne;03:46:45;100.00
France5;00_NATIONAL;ARTHAUD NATHALIE;Candidat;00:00:20;0.05
France5;00_NATIONAL;ARTHAUD NATHALIE;Soutiens;00:00:00;-
France5;00_NATIONAL;ARTHAUD NATHALIE;Total Temps de parole;00:00:20;0.04
France5;00_NATIONAL;ARTHAUD NATHALIE;Antenne;00:00:00;-
France5;00_NATIONAL;ARTHAUD NATHALIE;Total Temps d'antenne;00:00:20;0.03
France5;00_NATIONAL;ASSELINEAU FRANCOIS;Candidat;00:00:15;0.04
France5;00_NATIONAL;ASSELINEAU FRANCOIS;Soutiens;00:00:00;-
France5;00_NATIONAL;ASSELINEAU FRANCOIS;Total Temps de parole;00:00:15;0.03
France5;00_NATIONAL;ASSELINEAU FRANCOIS;Antenne;00:00:00;-
France5;00_NATIONAL;ASSELINEAU FRANCOIS;Total Temps d'antenne;00:00:15;0.02
France5;00_NATIONAL;DUPONT AIGNAN NICOLAS;Candidat;00:40:31;5.68
France5;00_NATIONAL;DUPONT AIGNAN NICOLAS;Soutiens;00:00:00;-
France5;00_NATIONAL;DUPONT AIGNAN NICOLAS;Total Temps de parole;00:40:31;4.44
France5;00_NATIONAL;DUPONT AIGNAN NICOLAS;Antenne;00:02:57;1.09
France5;00_NATIONAL;DUPONT AIGNAN NICOLAS;Total Temps d'antenne;00:43:28;3.68
France5;00_NATIONAL;HIDALGO ANNE;Candidat;01:37:28;13.67
France5;00_NATIONAL;HIDALGO ANNE;Soutiens;00:06:08;3.08
France5;00_NATIONAL;HIDALGO ANNE;Total Temps de parole;01:43:36;11.36
France5;00_NATIONAL;HIDALGO ANNE;Antenne;00:05:23;1.99
France5;00_NATIONAL;HIDALGO ANNE;Total Temps d'antenne;01:48:59;9.22
France5;00_NATIONAL;JADOT YANNICK;Candidat;00:57:30;8.07
France5;00_NATIONAL;JADOT YANNICK;Soutiens;00:15:07;7.59
France5;00_NATIONAL;JADOT YANNICK;Total Temps de parole;01:12:37;7.96
France5;00_NATIONAL;JADOT YANNICK;Antenne;00:03:10;1.17
France5;00_NATIONAL;JADOT YANNICK;Total Temps d'antenne;01:15:47;6.41
France5;00_NATIONAL;KOENIG GASPARD;Candidat;00:02:02;0.29
France5;00_NATIONAL;KOENIG GASPARD;Soutiens;00:00:00;-
France5;00_NATIONAL;KOENIG GASPARD;Total Temps de parole;00:02:02;0.22
France5;00_NATIONAL;KOENIG GASPARD;Antenne;00:03:14;1.19
France5;00_NATIONAL;KOENIG GASPARD;Total Temps d'antenne;00:05:16;0.45
France5;00_NATIONAL;LARROUTUROU PIERRE;Candidat;00:00:20;0.05
France5;00_NATIONAL;LARROUTUROU PIERRE;Soutiens;00:00:00;-
France5;00_NATIONAL;LARROUTUROU PIERRE;Total Temps de parole;00:00:20;0.04
France5;00_NATIONAL;LARROUTUROU PIERRE;Antenne;00:00:00;-
France5;00_NATIONAL;LARROUTUROU PIERRE;Total Temps d'antenne;00:00:20;0.03
France5;00_NATIONAL;LASSALLE JEAN;Candidat;00:05:44;0.80
France5;00_NATIONAL;LASSALLE JEAN;Soutiens;00:00:00;-
France5;00_NATIONAL;LASSALLE JEAN;Total Temps de parole;00:05:44;0.63
France5;00_NATIONAL;LASSALLE JEAN;Antenne;00:01:30;0.55
France5;00_NATIONAL;LASSALLE JEAN;Total Temps d'antenne;00:07:14;0.61
France5;00_NATIONAL;LE PEN MARINE;Candidat;01:10:29;9.89
France5;00_NATIONAL;LE PEN MARINE;Soutiens;00:19:55;10.00
France5;00_NATIONAL;LE PEN MARINE;Total Temps de parole;01:30:24;9.91
France5;00_NATIONAL;LE PEN MARINE;Antenne;00:37:17;13.78
France5;00_NATIONAL;LE PEN MARINE;Total Temps d'antenne;02:07:41;10.80
France5;00_NATIONAL;MACRON EMMANUEL;Candidat;00:16:02;2.25
France5;00_NATIONAL;MACRON EMMANUEL;Soutiens;00:28:42;14.41
France5;00_NATIONAL;MACRON EMMANUEL;Total Temps de parole;00:44:44;4.90
France5;00_NATIONAL;MACRON EMMANUEL;Antenne;01:22:07;30.35
France5;00_NATIONAL;MACRON EMMANUEL;Total Temps d'antenne;02:06:51;10.73
France5;00_NATIONAL;MELENCHON JEAN LUC;Candidat;00:55:05;7.73
France5;00_NATIONAL;MELENCHON JEAN LUC;Soutiens;00:32:25;16.27
France5;00_NATIONAL;MELENCHON JEAN LUC;Total Temps de parole;01:27:30;9.59
France5;00_NATIONAL;MELENCHON JEAN LUC;Antenne;00:05:53;2.17
France5;00_NATIONAL;MELENCHON JEAN LUC;Total Temps d'antenne;01:33:23;7.90
France5;00_NATIONAL;PECRESSE VALERIE;Candidat;01:42:55;14.44
France5;00_NATIONAL;PECRESSE VALERIE;Soutiens;00:23:06;11.60
France5;00_NATIONAL;PECRESSE VALERIE;Total Temps de parole;02:06:01;13.82
France5;00_NATIONAL;PECRESSE VALERIE;Antenne;00:52:41;19.47
France5;00_NATIONAL;PECRESSE VALERIE;Total Temps d'antenne;02:58:42;15.11
France5;00_NATIONAL;PHILIPPOT FLORIAN;Candidat;00:01:48;0.25
France5;00_NATIONAL;PHILIPPOT FLORIAN;Soutiens;00:00:00;-
France5;00_NATIONAL;PHILIPPOT FLORIAN;Total Temps de parole;00:01:48;0.20
France5;00_NATIONAL;PHILIPPOT FLORIAN;Antenne;00:00:00;-
France5;00_NATIONAL;PHILIPPOT FLORIAN;Total Temps d'antenne;00:01:48;0.15
France5;00_NATIONAL;POUTOU PHILIPPE;Candidat;00:01:04;0.15
France5;00_NATIONAL;POUTOU PHILIPPE;Soutiens;00:00:12;0.10
France5;00_NATIONAL;POUTOU PHILIPPE;Total Temps de parole;00:01:16;0.14
France5;00_NATIONAL;POUTOU PHILIPPE;Antenne;00:00:00;-
France5;00_NATIONAL;POUTOU PHILIPPE;Total Temps d'antenne;00:01:16;0.11
France5;00_NATIONAL;ROUSSEL FABIEN;Candidat;01:40:57;14.16
France5;00_NATIONAL;ROUSSEL FABIEN;Soutiens;00:06:13;3.12
France5;00_NATIONAL;ROUSSEL FABIEN;Total Temps de parole;01:47:10;11.75
France5;00_NATIONAL;ROUSSEL FABIEN;Antenne;00:35:05;12.97
France5;00_NATIONAL;ROUSSEL FABIEN;Total Temps d'antenne;02:22:15;12.03
France5;00_NATIONAL;TAUBIRA CHRISTIANE;Candidat;01:20:21;11.27
France5;00_NATIONAL;TAUBIRA CHRISTIANE;Soutiens;00:10:52;5.46
France5;00_NATIONAL;TAUBIRA CHRISTIANE;Total Temps de parole;01:31:13;10.00
France5;00_NATIONAL;TAUBIRA CHRISTIANE;Antenne;00:14:05;5.20
France5;00_NATIONAL;TAUBIRA CHRISTIANE;Total Temps d'antenne;01:45:18;8.90
France5;00_NATIONAL;THOUY HELENE;Candidat;00:00:00;-
France5;00_NATIONAL;THOUY HELENE;Soutiens;00:01:56;0.97
France5;00_NATIONAL;THOUY HELENE;Total Temps de parole;00:01:56;0.21
France5;00_NATIONAL;THOUY HELENE;Antenne;00:00:00;-
France5;00_NATIONAL;THOUY HELENE;Total Temps d'antenne;00:01:56;0.16
France5;00_NATIONAL;ZEMMOUR ERIC;Candidat;01:20:03;11.23
France5;00_NATIONAL;ZEMMOUR ERIC;Soutiens;00:54:35;27.40
France5;00_NATIONAL;ZEMMOUR ERIC;Total Temps de parole;02:14:38;14.76
France5;00_NATIONAL;ZEMMOUR ERIC;Antenne;00:27:13;10.06
France5;00_NATIONAL;ZEMMOUR ERIC;Total Temps d'antenne;02:41:51;13.69
France5;00_NATIONAL;Total candidats;Candidat;11:52:54;100.00
France5;00_NATIONAL;Total candidats;Soutiens;03:19:11;100.00
France5;00_NATIONAL;Total candidats;Total Temps de parole;15:12:05;100.00
France5;00_NATIONAL;Total candidats;Antenne;04:30:35;100.00
France5;00_NATIONAL;Total candidats;Total Temps d'antenne;19:42:40;100.00
M6;00_NATIONAL;ARTHAUD NATHALIE;Candidat;00:00:18;1.48
M6;00_NATIONAL;ARTHAUD NATHALIE;Soutiens;00:00:00;-
M6;00_NATIONAL;ARTHAUD NATHALIE;Total Temps de parole;00:00:18;1.16
M6;00_NATIONAL;ARTHAUD NATHALIE;Antenne;00:00:30;0.85
M6;00_NATIONAL;ARTHAUD NATHALIE;Total Temps d'antenne;00:00:48;0.94
M6;00_NATIONAL;DUPONT AIGNAN NICOLAS;Candidat;00:00:09;0.74
M6;00_NATIONAL;DUPONT AIGNAN NICOLAS;Soutiens;00:00:00;-
M6;00_NATIONAL;DUPONT AIGNAN NICOLAS;Total Temps de parole;00:00:09;0.58
M6;00_NATIONAL;DUPONT AIGNAN NICOLAS;Antenne;00:00:03;0.08
M6;00_NATIONAL;DUPONT AIGNAN NICOLAS;Total Temps d'antenne;00:00:12;0.24
M6;00_NATIONAL;HIDALGO ANNE;Candidat;00:01:29;7.30
M6;00_NATIONAL;HIDALGO ANNE;Soutiens;00:00:00;-
M6;00_NATIONAL;HIDALGO ANNE;Total Temps de parole;00:01:29;5.73
M6;00_NATIONAL;HIDALGO ANNE;Antenne;00:01:52;3.15
M6;00_NATIONAL;HIDALGO ANNE;Total Temps d'antenne;00:03:21;3.94
M6;00_NATIONAL;JADOT YANNICK;Candidat;00:02:07;10.42
M6;00_NATIONAL;JADOT YANNICK;Soutiens;00:00:16;4.78
M6;00_NATIONAL;JADOT YANNICK;Total Temps de parole;00:02:23;9.20
M6;00_NATIONAL;JADOT YANNICK;Antenne;00:04:39;7.86
M6;00_NATIONAL;JADOT YANNICK;Total Temps d'antenne;00:07:02;8.27
M6;00_NATIONAL;LARROUTUROU PIERRE;Candidat;00:00:16;1.31
M6;00_NATIONAL;LARROUTUROU PIERRE;Soutiens;00:00:00;-
M6;00_NATIONAL;LARROUTUROU PIERRE;Total Temps de parole;00:00:16;1.03
M6;00_NATIONAL;LARROUTUROU PIERRE;Antenne;00:00:21;0.59
M6;00_NATIONAL;LARROUTUROU PIERRE;Total Temps d'antenne;00:00:37;0.72
M6;00_NATIONAL;LE PEN MARINE;Candidat;00:03:22;16.57
M6;00_NATIONAL;LE PEN MARINE;Soutiens;00:01:42;30.45
M6;00_NATIONAL;LE PEN MARINE;Total Temps de parole;00:05:04;19.56
M6;00_NATIONAL;LE PEN MARINE;Antenne;00:07:14;12.23
M6;00_NATIONAL;LE PEN MARINE;Total Temps d'antenne;00:12:18;14.46
M6;00_NATIONAL;MACRON EMMANUEL;Candidat;00:02:37;12.88
M6;00_NATIONAL;MACRON EMMANUEL;Soutiens;00:00:38;11.34
M6;00_NATIONAL;MACRON EMMANUEL;Total Temps de parole;00:03:15;12.55
M6;00_NATIONAL;MACRON EMMANUEL;Antenne;00:13:07;22.17
M6;00_NATIONAL;MACRON EMMANUEL;Total Temps d'antenne;00:16:22;19.24
M6;00_NATIONAL;MELENCHON JEAN LUC;Candidat;00:02:58;14.60
M6;00_NATIONAL;MELENCHON JEAN LUC;Soutiens;00:00:09;2.69
M6;00_NATIONAL;MELENCHON JEAN LUC;Total Temps de parole;00:03:07;12.03
M6;00_NATIONAL;MELENCHON JEAN LUC;Antenne;00:05:01;8.48
M6;00_NATIONAL;MELENCHON JEAN LUC;Total Temps d'antenne;00:08:08;9.56
M6;00_NATIONAL;MONTEBOURG ARNAUD;Candidat;00:00:00;-
M6;00_NATIONAL;MONTEBOURG ARNAUD;Soutiens;00:00:00;-
M6;00_NATIONAL;MONTEBOURG ARNAUD;Total Temps de parole;00:00:00;-
M6;00_NATIONAL;MONTEBOURG ARNAUD;Antenne;00:00:32;0.90
M6;00_NATIONAL;MONTEBOURG ARNAUD;Total Temps d'antenne;00:00:32;0.63
M6;00_NATIONAL;PECRESSE VALERIE;Candidat;00:01:43;8.45
M6;00_NATIONAL;PECRESSE VALERIE;Soutiens;00:00:54;16.12
M6;00_NATIONAL;PECRESSE VALERIE;Total Temps de parole;00:02:37;10.10
M6;00_NATIONAL;PECRESSE VALERIE;Antenne;00:07:53;13.32
M6;00_NATIONAL;PECRESSE VALERIE;Total Temps d'antenne;00:10:30;12.34
M6;00_NATIONAL;PHILIPPOT FLORIAN;Candidat;00:00:16;1.31
M6;00_NATIONAL;PHILIPPOT FLORIAN;Soutiens;00:00:00;-
M6;00_NATIONAL;PHILIPPOT FLORIAN;Total Temps de parole;00:00:16;1.03
M6;00_NATIONAL;PHILIPPOT FLORIAN;Antenne;00:00:04;0.11
M6;00_NATIONAL;PHILIPPOT FLORIAN;Total Temps d'antenne;00:00:20;0.39
M6;00_NATIONAL;POUTOU PHILIPPE;Candidat;00:00:22;1.80
M6;00_NATIONAL;POUTOU PHILIPPE;Soutiens;00:00:00;-
M6;00_NATIONAL;POUTOU PHILIPPE;Total Temps de parole;00:00:22;1.42
M6;00_NATIONAL;POUTOU PHILIPPE;Antenne;00:00:25;0.70
M6;00_NATIONAL;POUTOU PHILIPPE;Total Temps d'antenne;00:00:47;0.92
M6;00_NATIONAL;ROUSSEL FABIEN;Candidat;00:01:05;5.33
M6;00_NATIONAL;ROUSSEL FABIEN;Soutiens;00:00:14;4.18
M6;00_NATIONAL;ROUSSEL FABIEN;Total Temps de parole;00:01:19;5.08
M6;00_NATIONAL;ROUSSEL FABIEN;Antenne;00:02:02;3.44
M6;00_NATIONAL;ROUSSEL FABIEN;Total Temps d'antenne;00:03:21;3.94
M6;00_NATIONAL;TAUBIRA CHRISTIANE;Candidat;00:01:32;7.55
M6;00_NATIONAL;TAUBIRA CHRISTIANE;Soutiens;00:00:35;10.45
M6;00_NATIONAL;TAUBIRA CHRISTIANE;Total Temps de parole;00:02:07;8.17
M6;00_NATIONAL;TAUBIRA CHRISTIANE;Antenne;00:05:57;10.06
M6;00_NATIONAL;TAUBIRA CHRISTIANE;Total Temps d'antenne;00:08:04;9.48
M6;00_NATIONAL;THOUY HELENE;Candidat;00:00:20;1.64
M6;00_NATIONAL;THOUY HELENE;Soutiens;00:00:00;-
M6;00_NATIONAL;THOUY HELENE;Total Temps de parole;00:00:20;1.29
M6;00_NATIONAL;THOUY HELENE;Antenne;00:00:22;0.62
M6;00_NATIONAL;THOUY HELENE;Total Temps d'antenne;00:00:42;0.82
M6;00_NATIONAL;ZEMMOUR ERIC;Candidat;00:01:45;8.61
M6;00_NATIONAL;ZEMMOUR ERIC;Soutiens;00:01:07;20.00
M6;00_NATIONAL;ZEMMOUR ERIC;Total Temps de parole;00:02:52;11.07
M6;00_NATIONAL;ZEMMOUR ERIC;Antenne;00:09:08;15.44
M6;00_NATIONAL;ZEMMOUR ERIC;Total Temps d'antenne;00:12:00;14.11
M6;00_NATIONAL;Total candidats;Candidat;00:20:19;100.00
M6;00_NATIONAL;Total candidats;Soutiens;00:05:35;100.00
M6;00_NATIONAL;Total candidats;Total Temps de parole;00:25:54;100.00
M6;00_NATIONAL;Total candidats;Antenne;00:59:10;100.00
M6;00_NATIONAL;Total candidats;Total Temps d'antenne;01:25:04;100.00
C8;00_NATIONAL;ARTHAUD NATHALIE;Candidat;00:09:35;1.94
C8;00_NATIONAL;ARTHAUD NATHALIE;Soutiens;00:00:00;-
C8;00_NATIONAL;ARTHAUD NATHALIE;Total Temps de parole;00:09:35;1.14
C8;00_NATIONAL;ARTHAUD NATHALIE;Antenne;00:00:00;-
C8;00_NATIONAL;ARTHAUD NATHALIE;Total Temps d'antenne;00:09:35;1.02
C8;00_NATIONAL;ASSELINEAU FRANCOIS;Candidat;00:07:44;1.56
C8;00_NATIONAL;ASSELINEAU FRANCOIS;Soutiens;00:00:00;-
C8;00_NATIONAL;ASSELINEAU FRANCOIS;Total Temps de parole;00:07:44;0.92
C8;00_NATIONAL;ASSELINEAU FRANCOIS;Antenne;00:00:00;-
C8;00_NATIONAL;ASSELINEAU FRANCOIS;Total Temps d'antenne;00:07:44;0.83
C8;00_NATIONAL;DUPONT AIGNAN NICOLAS;Candidat;00:18:53;3.82
C8;00_NATIONAL;DUPONT AIGNAN NICOLAS;Soutiens;00:00:00;-
C8;00_NATIONAL;DUPONT AIGNAN NICOLAS;Total Temps de parole;00:18:53;2.26
C8;00_NATIONAL;DUPONT AIGNAN NICOLAS;Antenne;00:00:00;-
C8;00_NATIONAL;DUPONT AIGNAN NICOLAS;Total Temps d'antenne;00:18:53;2.02
C8;00_NATIONAL;HIDALGO ANNE;Candidat;00:24:34;4.97
C8;00_NATIONAL;HIDALGO ANNE;Soutiens;00:00:00;-
C8;00_NATIONAL;HIDALGO ANNE;Total Temps de parole;00:24:34;2.93
C8;00_NATIONAL;HIDALGO ANNE;Antenne;00:03:22;3.42
C8;00_NATIONAL;HIDALGO ANNE;Total Temps d'antenne;00:27:56;2.99
C8;00_NATIONAL;JADOT YANNICK;Candidat;00:37:43;7.62
C8;00_NATIONAL;JADOT YANNICK;Soutiens;00:00:00;-
C8;00_NATIONAL;JADOT YANNICK;Total Temps de parole;00:37:43;4.50
C8;00_NATIONAL;JADOT YANNICK;Antenne;00:01:25;1.44
C8;00_NATIONAL;JADOT YANNICK;Total Temps d'antenne;00:39:08;4.18
C8;00_NATIONAL;KOENIG GASPARD;Candidat;00:00:59;0.20
C8;00_NATIONAL;KOENIG GASPARD;Soutiens;00:00:00;-
C8;00_NATIONAL;KOENIG GASPARD;Total Temps de parole;00:00:59;0.12
C8;00_NATIONAL;KOENIG GASPARD;Antenne;00:00:20;0.34
C8;00_NATIONAL;KOENIG GASPARD;Total Temps d'antenne;00:01:19;0.14
C8;00_NATIONAL;LASSALLE JEAN;Candidat;00:07:00;1.41
C8;00_NATIONAL;LASSALLE JEAN;Soutiens;00:00:00;-
C8;00_NATIONAL;LASSALLE JEAN;Total Temps de parole;00:07:00;0.84
C8;00_NATIONAL;LASSALLE JEAN;Antenne;00:00:00;-
C8;00_NATIONAL;LASSALLE JEAN;Total Temps d'antenne;00:07:00;0.75
C8;00_NATIONAL;LE PEN MARINE;Candidat;01:15:07;15.18
C8;00_NATIONAL;LE PEN MARINE;Soutiens;01:15:03;21.91
C8;00_NATIONAL;LE PEN MARINE;Total Temps de parole;02:30:10;17.94
C8;00_NATIONAL;LE PEN MARINE;Antenne;00:05:44;5.82
C8;00_NATIONAL;LE PEN MARINE;Total Temps d'antenne;02:35:54;16.66
C8;00_NATIONAL;MACRON EMMANUEL;Candidat;00:13:01;2.63
C8;00_NATIONAL;MACRON EMMANUEL;Soutiens;02:08:43;37.58
C8;00_NATIONAL;MACRON EMMANUEL;Total Temps de parole;02:21:44;16.93
C8;00_NATIONAL;MACRON EMMANUEL;Antenne;00:32:17;32.77
C8;00_NATIONAL;MACRON EMMANUEL;Total Temps d'antenne;02:54:01;18.60
C8;00_NATIONAL;MELENCHON JEAN LUC;Candidat;01:40:38;20.34
C8;00_NATIONAL;MELENCHON JEAN LUC;Soutiens;01:18:02;22.78
C8;00_NATIONAL;MELENCHON JEAN LUC;Total Temps de parole;02:58:40;21.34
C8;00_NATIONAL;MELENCHON JEAN LUC;Antenne;00:05:16;5.35
C8;00_NATIONAL;MELENCHON JEAN LUC;Total Temps d'antenne;03:03:56;19.66
C8;00_NATIONAL;MONTEBOURG ARNAUD;Candidat;00:00:39;0.13
C8;00_NATIONAL;MONTEBOURG ARNAUD;Soutiens;00:00:00;-
C8;00_NATIONAL;MONTEBOURG ARNAUD;Total Temps de parole;00:00:39;0.08
C8;00_NATIONAL;MONTEBOURG ARNAUD;Antenne;00:00:00;-
C8;00_NATIONAL;MONTEBOURG ARNAUD;Total Temps d'antenne;00:00:39;0.07
C8;00_NATIONAL;PECRESSE VALERIE;Candidat;01:25:16;17.23
C8;00_NATIONAL;PECRESSE VALERIE;Soutiens;00:22:06;6.45
C8;00_NATIONAL;PECRESSE VALERIE;Total Temps de parole;01:47:22;12.82
C8;00_NATIONAL;PECRESSE VALERIE;Antenne;00:18:37;18.90
C8;00_NATIONAL;PECRESSE VALERIE;Total Temps d'antenne;02:05:59;13.46
C8;00_NATIONAL;PHILIPPOT FLORIAN;Candidat;00:20:50;4.21
C8;00_NATIONAL;PHILIPPOT FLORIAN;Soutiens;00:00:00;-
C8;00_NATIONAL;PHILIPPOT FLORIAN;Total Temps de parole;00:20:50;2.49
C8;00_NATIONAL;PHILIPPOT FLORIAN;Antenne;00:00:00;-
C8;00_NATIONAL;PHILIPPOT FLORIAN;Total Temps d'antenne;00:20:50;2.23
C8;00_NATIONAL;POUTOU PHILIPPE;Candidat;00:07:25;1.50
C8;00_NATIONAL;POUTOU PHILIPPE;Soutiens;00:00:00;-
C8;00_NATIONAL;POUTOU PHILIPPE;Total Temps de parole;00:07:25;0.89
C8;00_NATIONAL;POUTOU PHILIPPE;Antenne;00:00:00;-
C8;00_NATIONAL;POUTOU PHILIPPE;Total Temps d'antenne;00:07:25;0.79
C8;00_NATIONAL;ROUSSEL FABIEN;Candidat;00:17:27;3.53
C8;00_NATIONAL;ROUSSEL FABIEN;Soutiens;00:01:01;0.30
C8;00_NATIONAL;ROUSSEL FABIEN;Total Temps de parole;00:18:28;2.21
C8;00_NATIONAL;ROUSSEL FABIEN;Antenne;00:00:11;0.19
C8;00_NATIONAL;ROUSSEL FABIEN;Total Temps d'antenne;00:18:39;1.99
C8;00_NATIONAL;TAUBIRA CHRISTIANE;Candidat;00:14:21;2.90
C8;00_NATIONAL;TAUBIRA CHRISTIANE;Soutiens;00:00:00;-
C8;00_NATIONAL;TAUBIRA CHRISTIANE;Total Temps de parole;00:14:21;1.71
C8;00_NATIONAL;TAUBIRA CHRISTIANE;Antenne;00:02:32;2.57
C8;00_NATIONAL;TAUBIRA CHRISTIANE;Total Temps d'antenne;00:16:53;1.80
C8;00_NATIONAL;THOUY HELENE;Candidat;00:00:32;0.11
C8;00_NATIONAL;THOUY HELENE;Soutiens;00:00:00;-
C8;00_NATIONAL;THOUY HELENE;Total Temps de parole;00:00:32;0.06
C8;00_NATIONAL;THOUY HELENE;Antenne;00:00:55;0.93
C8;00_NATIONAL;THOUY HELENE;Total Temps d'antenne;00:01:27;0.15
C8;00_NATIONAL;ZEMMOUR ERIC;Candidat;00:53:02;10.72
C8;00_NATIONAL;ZEMMOUR ERIC;Soutiens;00:37:35;10.97
C8;00_NATIONAL;ZEMMOUR ERIC;Total Temps de parole;01:30:37;10.82
C8;00_NATIONAL;ZEMMOUR ERIC;Antenne;00:27:51;28.27
C8;00_NATIONAL;ZEMMOUR ERIC;Total Temps d'antenne;01:58:28;12.66
C8;00_NATIONAL;Total candidats;Candidat;08:14:46;100.00
C8;00_NATIONAL;Total candidats;Soutiens;05:42:30;100.00
C8;00_NATIONAL;Total candidats;Total Temps de parole;13:57:16;100.00
C8;00_NATIONAL;Total candidats;Antenne;01:38:30;100.00
C8;00_NATIONAL;Total candidats;Total Temps d'antenne;15:35:46;100.00
BFMTV;00_NATIONAL;ARTHAUD NATHALIE;Candidat;00:13:13;0.63
BFMTV;00_NATIONAL;ARTHAUD NATHALIE;Soutiens;00:00:00;-
BFMTV;00_NATIONAL;ARTHAUD NATHALIE;Total Temps de parole;00:13:13;0.26
BFMTV;00_NATIONAL;ARTHAUD NATHALIE;Antenne;00:00:08;0.01
BFMTV;00_NATIONAL;ARTHAUD NATHALIE;Total Temps d'antenne;00:13:21;0.19
BFMTV;00_NATIONAL;DUPONT AIGNAN NICOLAS;Candidat;00:30:28;1.45
BFMTV;00_NATIONAL;DUPONT AIGNAN NICOLAS;Soutiens;00:00:00;-
BFMTV;00_NATIONAL;DUPONT AIGNAN NICOLAS;Total Temps de parole;00:30:28;0.59
BFMTV;00_NATIONAL;DUPONT AIGNAN NICOLAS;Antenne;00:00:00;-
BFMTV;00_NATIONAL;DUPONT AIGNAN NICOLAS;Total Temps d'antenne;00:30:28;0.42
BFMTV;00_NATIONAL;FURLAN PHILIPPE;Candidat;00:02:11;0.10
BFMTV;00_NATIONAL;FURLAN PHILIPPE;Soutiens;00:00:00;-
BFMTV;00_NATIONAL;FURLAN PHILIPPE;Total Temps de parole;00:02:11;0.04
BFMTV;00_NATIONAL;FURLAN PHILIPPE;Antenne;00:01:20;0.07
BFMTV;00_NATIONAL;FURLAN PHILIPPE;Total Temps d'antenne;00:03:31;0.05
BFMTV;00_NATIONAL;GRIMAL FABRICE;Candidat;00:00:47;0.04
BFMTV;00_NATIONAL;GRIMAL FABRICE;Soutiens;00:00:46;0.03
BFMTV;00_NATIONAL;GRIMAL FABRICE;Total Temps de parole;00:01:33;0.03
BFMTV;00_NATIONAL;GRIMAL FABRICE;Antenne;00:02:23;0.12
BFMTV;00_NATIONAL;GRIMAL FABRICE;Total Temps d'antenne;00:03:56;0.05
BFMTV;00_NATIONAL;HIDALGO ANNE;Candidat;01:50:05;5.23
BFMTV;00_NATIONAL;HIDALGO ANNE;Soutiens;00:36:53;1.21
BFMTV;00_NATIONAL;HIDALGO ANNE;Total Temps de parole;02:26:58;2.85
BFMTV;00_NATIONAL;HIDALGO ANNE;Antenne;00:13:21;0.66
BFMTV;00_NATIONAL;HIDALGO ANNE;Total Temps d'antenne;02:40:19;2.23
BFMTV;00_NATIONAL;JADOT YANNICK;Candidat;02:09:36;6.15
BFMTV;00_NATIONAL;JADOT YANNICK;Soutiens;03:11:55;6.30
BFMTV;00_NATIONAL;JADOT YANNICK;Total Temps de parole;05:21:31;6.24
BFMTV;00_NATIONAL;JADOT YANNICK;Antenne;00:26:10;1.29
BFMTV;00_NATIONAL;JADOT YANNICK;Total Temps d'antenne;05:47:41;4.85
BFMTV;00_NATIONAL;KAZIB ANASSE;Candidat;00:02:41;0.13
BFMTV;00_NATIONAL;KAZIB ANASSE;Soutiens;00:00:00;-
BFMTV;00_NATIONAL;KAZIB ANASSE;Total Temps de parole;00:02:41;0.05
BFMTV;00_NATIONAL;KAZIB ANASSE;Antenne;00:01:03;0.05
BFMTV;00_NATIONAL;KAZIB ANASSE;Total Temps d'antenne;00:03:44;0.05
BFMTV;00_NATIONAL;KOENIG GASPARD;Candidat;00:08:18;0.39
BFMTV;00_NATIONAL;KOENIG GASPARD;Soutiens;00:00:00;-
BFMTV;00_NATIONAL;KOENIG GASPARD;Total Temps de parole;00:08:18;0.16
BFMTV;00_NATIONAL;KOENIG GASPARD;Antenne;00:00:00;-
BFMTV;00_NATIONAL;KOENIG GASPARD;Total Temps d'antenne;00:08:18;0.12
BFMTV;00_NATIONAL;KUZMANOVIC GEORGES;Candidat;00:02:40;0.13
BFMTV;00_NATIONAL;KUZMANOVIC GEORGES;Soutiens;00:00:00;-
BFMTV;00_NATIONAL;KUZMANOVIC GEORGES;Total Temps de parole;00:02:40;0.05
BFMTV;00_NATIONAL;KUZMANOVIC GEORGES;Antenne;00:03:39;0.18
BFMTV;00_NATIONAL;KUZMANOVIC GEORGES;Total Temps d'antenne;00:06:19;0.09
BFMTV;00_NATIONAL;LANGLOIS ALEXANDRE;Candidat;00:06:51;0.33
BFMTV;00_NATIONAL;LANGLOIS ALEXANDRE;Soutiens;00:00:00;-
BFMTV;00_NATIONAL;LANGLOIS ALEXANDRE;Total Temps de parole;00:06:51;0.13
BFMTV;00_NATIONAL;LANGLOIS ALEXANDRE;Antenne;00:03:52;0.19
BFMTV;00_NATIONAL;LANGLOIS ALEXANDRE;Total Temps d'antenne;00:10:43;0.15
BFMTV;00_NATIONAL;LASSALLE JEAN;Candidat;00:00:58;0.05
BFMTV;00_NATIONAL;LASSALLE JEAN;Soutiens;00:02:08;0.07
BFMTV;00_NATIONAL;LASSALLE JEAN;Total Temps de parole;00:03:06;0.06
BFMTV;00_NATIONAL;LASSALLE JEAN;Antenne;00:03:33;0.18
BFMTV;00_NATIONAL;LASSALLE JEAN;Total Temps d'antenne;00:06:39;0.09
BFMTV;00_NATIONAL;LE PEN MARINE;Candidat;04:54:22;13.97
BFMTV;00_NATIONAL;LE PEN MARINE;Soutiens;11:12:11;22.07
BFMTV;00_NATIONAL;LE PEN MARINE;Total Temps de parole;16:06:33;18.76
BFMTV;00_NATIONAL;LE PEN MARINE;Antenne;05:59:34;17.78
BFMTV;00_NATIONAL;LE PEN MARINE;Total Temps d'antenne;22:06:07;18.48
BFMTV;00_NATIONAL;MACRON EMMANUEL;Candidat;01:42:32;4.87
BFMTV;00_NATIONAL;MACRON EMMANUEL;Soutiens;09:35:01;18.88
BFMTV;00_NATIONAL;MACRON EMMANUEL;Total Temps de parole;11:17:33;13.15
BFMTV;00_NATIONAL;MACRON EMMANUEL;Antenne;06:43:49;19.97
BFMTV;00_NATIONAL;MACRON EMMANUEL;Total Temps d'antenne;18:01:22;15.07
BFMTV;00_NATIONAL;MELENCHON JEAN LUC;Candidat;03:39:22;10.41
BFMTV;00_NATIONAL;MELENCHON JEAN LUC;Soutiens;05:35:02;11.00
BFMTV;00_NATIONAL;MELENCHON JEAN LUC;Total Temps de parole;09:14:24;10.76
BFMTV;00_NATIONAL;MELENCHON JEAN LUC;Antenne;01:04:07;3.17
BFMTV;00_NATIONAL;MELENCHON JEAN LUC;Total Temps d'antenne;10:18:31;8.62
BFMTV;00_NATIONAL;MONTEBOURG ARNAUD;Candidat;00:00:00;-
BFMTV;00_NATIONAL;MONTEBOURG ARNAUD;Soutiens;00:00:00;-
BFMTV;00_NATIONAL;MONTEBOURG ARNAUD;Total Temps de parole;00:00:00;-
BFMTV;00_NATIONAL;MONTEBOURG ARNAUD;Antenne;00:02:21;0.12
BFMTV;00_NATIONAL;MONTEBOURG ARNAUD;Total Temps d'antenne;00:02:21;0.03
BFMTV;00_NATIONAL;PECRESSE VALERIE;Candidat;04:47:46;13.66
BFMTV;00_NATIONAL;PECRESSE VALERIE;Soutiens;12:12:28;24.05
BFMTV;00_NATIONAL;PECRESSE VALERIE;Total Temps de parole;17:00:14;19.80
BFMTV;00_NATIONAL;PECRESSE VALERIE;Antenne;07:01:45;20.86
BFMTV;00_NATIONAL;PECRESSE VALERIE;Total Temps d'antenne;24:01:59;20.10
BFMTV;00_NATIONAL;PHILIPPOT FLORIAN;Candidat;00:08:02;0.38
BFMTV;00_NATIONAL;PHILIPPOT FLORIAN;Soutiens;00:00:00;-
BFMTV;00_NATIONAL;PHILIPPOT FLORIAN;Total Temps de parole;00:08:02;0.16
BFMTV;00_NATIONAL;PHILIPPOT FLORIAN;Antenne;00:01:33;0.08
BFMTV;00_NATIONAL;PHILIPPOT FLORIAN;Total Temps d'antenne;00:09:35;0.13
BFMTV;00_NATIONAL;POUTOU PHILIPPE;Candidat;00:03:42;0.18
BFMTV;00_NATIONAL;POUTOU PHILIPPE;Soutiens;00:00:00;-
BFMTV;00_NATIONAL;POUTOU PHILIPPE;Total Temps de parole;00:03:42;0.07
BFMTV;00_NATIONAL;POUTOU PHILIPPE;Antenne;00:00:00;-
BFMTV;00_NATIONAL;POUTOU PHILIPPE;Total Temps d'antenne;00:03:42;0.05
BFMTV;00_NATIONAL;RIVOAL STEPHANIE;Candidat;00:02:40;0.13
BFMTV;00_NATIONAL;RIVOAL STEPHANIE;Soutiens;00:00:00;-
BFMTV;00_NATIONAL;RIVOAL STEPHANIE;Total Temps de parole;00:02:40;0.05
BFMTV;00_NATIONAL;RIVOAL STEPHANIE;Antenne;00:01:56;0.10
BFMTV;00_NATIONAL;RIVOAL STEPHANIE;Total Temps d'antenne;00:04:36;0.06
BFMTV;00_NATIONAL;ROCCA MARTIN;Candidat;00:04:29;0.21
BFMTV;00_NATIONAL;ROCCA MARTIN;Soutiens;00:00:00;-
BFMTV;00_NATIONAL;ROCCA MARTIN;Total Temps de parole;00:04:29;0.09
BFMTV;00_NATIONAL;ROCCA MARTIN;Antenne;00:01:32;0.08
BFMTV;00_NATIONAL;ROCCA MARTIN;Total Temps d'antenne;00:06:01;0.08
BFMTV;00_NATIONAL;ROUSSEL FABIEN;Candidat;01:44:38;4.97
BFMTV;00_NATIONAL;ROUSSEL FABIEN;Soutiens;00:39:14;1.29
BFMTV;00_NATIONAL;ROUSSEL FABIEN;Total Temps de parole;02:23:52;2.79
BFMTV;00_NATIONAL;ROUSSEL FABIEN;Antenne;01:13:42;3.64
BFMTV;00_NATIONAL;ROUSSEL FABIEN;Total Temps d'antenne;03:37:34;3.03
BFMTV;00_NATIONAL;TAUBIRA CHRISTIANE;Candidat;01:57:55;5.60
BFMTV;00_NATIONAL;TAUBIRA CHRISTIANE;Soutiens;00:17:35;0.58
BFMTV;00_NATIONAL;TAUBIRA CHRISTIANE;Total Temps de parole;02:15:30;2.63
BFMTV;00_NATIONAL;TAUBIRA CHRISTIANE;Antenne;01:11:39;3.54
BFMTV;00_NATIONAL;TAUBIRA CHRISTIANE;Total Temps d'antenne;03:27:09;2.89
BFMTV;00_NATIONAL;THOUY HELENE;Candidat;00:05:07;0.24
BFMTV;00_NATIONAL;THOUY HELENE;Soutiens;00:03:43;0.12
BFMTV;00_NATIONAL;THOUY HELENE;Total Temps de parole;00:08:50;0.17
BFMTV;00_NATIONAL;THOUY HELENE;Antenne;00:00:00;-
BFMTV;00_NATIONAL;THOUY HELENE;Total Temps d'antenne;00:08:50;0.12
BFMTV;00_NATIONAL;ZEMMOUR ERIC;Candidat;10:48:21;30.78
BFMTV;00_NATIONAL;ZEMMOUR ERIC;Soutiens;07:19:01;14.41
BFMTV;00_NATIONAL;ZEMMOUR ERIC;Total Temps de parole;18:07:22;21.10
BFMTV;00_NATIONAL;ZEMMOUR ERIC;Antenne;09:24:35;27.92
BFMTV;00_NATIONAL;ZEMMOUR ERIC;Total Temps d'antenne;27:31:57;23.02
BFMTV;00_NATIONAL;Total candidats;Candidat;35:06:44;100.00
BFMTV;00_NATIONAL;Total candidats;Soutiens;50:45:57;100.00
BFMTV;00_NATIONAL;Total candidats;Total Temps de parole;85:52:41;100.00
BFMTV;00_NATIONAL;Total candidats;Antenne;33:42:02;100.00
BFMTV;00_NATIONAL;Total candidats;Total Temps d'antenne;119:34:43;100.00
Cnews;00_NATIONAL;ARTHAUD NATHALIE;Candidat;00:04:50;0.19
Cnews;00_NATIONAL;ARTHAUD NATHALIE;Soutiens;00:00:00;-
Cnews;00_NATIONAL;ARTHAUD NATHALIE;Total Temps de parole;00:04:50;0.06
Cnews;00_NATIONAL;ARTHAUD NATHALIE;Antenne;00:01:03;0.03
Cnews;00_NATIONAL;ARTHAUD NATHALIE;Total Temps d'antenne;00:05:53;0.05
Cnews;00_NATIONAL;ASSELINEAU FRANCOIS;Candidat;00:02:52;0.11
Cnews;00_NATIONAL;ASSELINEAU FRANCOIS;Soutiens;00:00:00;-
Cnews;00_NATIONAL;ASSELINEAU FRANCOIS;Total Temps de parole;00:02:52;0.04
Cnews;00_NATIONAL;ASSELINEAU FRANCOIS;Antenne;00:00:00;-
Cnews;00_NATIONAL;ASSELINEAU FRANCOIS;Total Temps d'antenne;00:02:52;0.03
Cnews;00_NATIONAL;DUPONT AIGNAN NICOLAS;Candidat;01:38:45;3.91
Cnews;00_NATIONAL;DUPONT AIGNAN NICOLAS;Soutiens;00:00:00;-
Cnews;00_NATIONAL;DUPONT AIGNAN NICOLAS;Total Temps de parole;01:38:45;1.28
Cnews;00_NATIONAL;DUPONT AIGNAN NICOLAS;Antenne;00:14:11;0.40
Cnews;00_NATIONAL;DUPONT AIGNAN NICOLAS;Total Temps d'antenne;01:52:56;1.00
Cnews;00_NATIONAL;HIDALGO ANNE;Candidat;03:25:07;8.13
Cnews;00_NATIONAL;HIDALGO ANNE;Soutiens;04:50:11;5.57
Cnews;00_NATIONAL;HIDALGO ANNE;Total Temps de parole;08:15:18;6.41
Cnews;00_NATIONAL;HIDALGO ANNE;Antenne;01:15:02;2.12
Cnews;00_NATIONAL;HIDALGO ANNE;Total Temps d'antenne;09:30:20;5.06
Cnews;00_NATIONAL;JADOT YANNICK;Candidat;04:16:29;10.16
Cnews;00_NATIONAL;JADOT YANNICK;Soutiens;03:02:00;3.50
Cnews;00_NATIONAL;JADOT YANNICK;Total Temps de parole;07:18:29;5.67
Cnews;00_NATIONAL;JADOT YANNICK;Antenne;00:39:54;1.13
Cnews;00_NATIONAL;JADOT YANNICK;Total Temps d'antenne;07:58:23;4.24
Cnews;00_NATIONAL;KOENIG GASPARD;Candidat;00:40:52;1.62
Cnews;00_NATIONAL;KOENIG GASPARD;Soutiens;00:00:00;-
Cnews;00_NATIONAL;KOENIG GASPARD;Total Temps de parole;00:40:52;0.53
Cnews;00_NATIONAL;KOENIG GASPARD;Antenne;00:00:52;0.02
Cnews;00_NATIONAL;KOENIG GASPARD;Total Temps d'antenne;00:41:44;0.37
Cnews;00_NATIONAL;KUZMANOVIC GEORGES;Candidat;00:10:47;0.43
Cnews;00_NATIONAL;KUZMANOVIC GEORGES;Soutiens;00:00:00;-
Cnews;00_NATIONAL;KUZMANOVIC GEORGES;Total Temps de parole;00:10:47;0.14
Cnews;00_NATIONAL;KUZMANOVIC GEORGES;Antenne;00:00:00;-
Cnews;00_NATIONAL;KUZMANOVIC GEORGES;Total Temps d'antenne;00:10:47;0.10
Cnews;00_NATIONAL;LARROUTUROU PIERRE;Candidat;00:06:50;0.27
Cnews;00_NATIONAL;LARROUTUROU PIERRE;Soutiens;00:00:00;-
Cnews;00_NATIONAL;LARROUTUROU PIERRE;Total Temps de parole;00:06:50;0.09
Cnews;00_NATIONAL;LARROUTUROU PIERRE;Antenne;00:00:00;-
Cnews;00_NATIONAL;LARROUTUROU PIERRE;Total Temps d'antenne;00:06:50;0.06
Cnews;00_NATIONAL;LASSALLE JEAN;Candidat;00:00:13;0.01
Cnews;00_NATIONAL;LASSALLE JEAN;Soutiens;00:01:47;0.03
Cnews;00_NATIONAL;LASSALLE JEAN;Total Temps de parole;00:02:00;0.03
Cnews;00_NATIONAL;LASSALLE JEAN;Antenne;00:15:19;0.43
Cnews;00_NATIONAL;LASSALLE JEAN;Total Temps d'antenne;00:17:19;0.15
Cnews;00_NATIONAL;LE PEN MARINE;Candidat;06:12:34;14.76
Cnews;00_NATIONAL;LE PEN MARINE;Soutiens;16:14:01;18.71
Cnews;00_NATIONAL;LE PEN MARINE;Total Temps de parole;22:26:35;17.42
Cnews;00_NATIONAL;LE PEN MARINE;Antenne;11:11:51;18.97
Cnews;00_NATIONAL;LE PEN MARINE;Total Temps d'antenne;33:38:26;17.91
Cnews;00_NATIONAL;MACRON EMMANUEL;Candidat;01:56:39;4.62
Cnews;00_NATIONAL;MACRON EMMANUEL;Soutiens;23:49:25;27.46
Cnews;00_NATIONAL;MACRON EMMANUEL;Total Temps de parole;25:46:04;20.00
Cnews;00_NATIONAL;MACRON EMMANUEL;Antenne;14:17:40;24.22
Cnews;00_NATIONAL;MACRON EMMANUEL;Total Temps d'antenne;40:03:44;21.33
Cnews;00_NATIONAL;MELENCHON JEAN LUC;Candidat;04:59:32;11.87
Cnews;00_NATIONAL;MELENCHON JEAN LUC;Soutiens;08:26:28;9.73
Cnews;00_NATIONAL;MELENCHON JEAN LUC;Total Temps de parole;13:26:00;10.43
Cnews;00_NATIONAL;MELENCHON JEAN LUC;Antenne;02:49:03;4.77
Cnews;00_NATIONAL;MELENCHON JEAN LUC;Total Temps d'antenne;16:15:03;8.65
Cnews;00_NATIONAL;MONTEBOURG ARNAUD;Candidat;00:03:09;0.12
Cnews;00_NATIONAL;MONTEBOURG ARNAUD;Soutiens;00:13:20;0.26
Cnews;00_NATIONAL;MONTEBOURG ARNAUD;Total Temps de parole;00:16:29;0.21
Cnews;00_NATIONAL;MONTEBOURG ARNAUD;Antenne;00:00:00;-
Cnews;00_NATIONAL;MONTEBOURG ARNAUD;Total Temps d'antenne;00:16:29;0.15
Cnews;00_NATIONAL;PECRESSE VALERIE;Candidat;03:55:45;9.34
Cnews;00_NATIONAL;PECRESSE VALERIE;Soutiens;20:48:37;23.98
Cnews;00_NATIONAL;PECRESSE VALERIE;Total Temps de parole;24:44:22;19.20
Cnews;00_NATIONAL;PECRESSE VALERIE;Antenne;09:03:03;15.34
Cnews;00_NATIONAL;PECRESSE VALERIE;Total Temps d'antenne;33:47:25;17.99
Cnews;00_NATIONAL;PHILIPPOT FLORIAN;Candidat;01:09:45;2.76
Cnews;00_NATIONAL;PHILIPPOT FLORIAN;Soutiens;00:00:00;-
Cnews;00_NATIONAL;PHILIPPOT FLORIAN;Total Temps de parole;01:09:45;0.90
Cnews;00_NATIONAL;PHILIPPOT FLORIAN;Antenne;00:02:02;0.06
Cnews;00_NATIONAL;PHILIPPOT FLORIAN;Total Temps d'antenne;01:11:47;0.64
Cnews;00_NATIONAL;POUTOU PHILIPPE;Candidat;00:21:05;0.84
Cnews;00_NATIONAL;POUTOU PHILIPPE;Soutiens;00:02:47;0.05
Cnews;00_NATIONAL;POUTOU PHILIPPE;Total Temps de parole;00:23:52;0.31
Cnews;00_NATIONAL;POUTOU PHILIPPE;Antenne;00:02:36;0.07
Cnews;00_NATIONAL;POUTOU PHILIPPE;Total Temps d'antenne;00:26:28;0.23
Cnews;00_NATIONAL;ROUSSEL FABIEN;Candidat;02:51:37;6.80
Cnews;00_NATIONAL;ROUSSEL FABIEN;Soutiens;01:13:53;1.42
Cnews;00_NATIONAL;ROUSSEL FABIEN;Total Temps de parole;04:05:30;3.18
Cnews;00_NATIONAL;ROUSSEL FABIEN;Antenne;01:46:51;3.02
Cnews;00_NATIONAL;ROUSSEL FABIEN;Total Temps d'antenne;05:52:21;3.13
Cnews;00_NATIONAL;TAUBIRA CHRISTIANE;Candidat;01:43:42;4.11
Cnews;00_NATIONAL;TAUBIRA CHRISTIANE;Soutiens;00:18:02;0.35
Cnews;00_NATIONAL;TAUBIRA CHRISTIANE;Total Temps de parole;02:01:44;1.57
Cnews;00_NATIONAL;TAUBIRA CHRISTIANE;Antenne;01:17:29;2.19
Cnews;00_NATIONAL;TAUBIRA CHRISTIANE;Total Temps d'antenne;03:19:13;1.77
Cnews;00_NATIONAL;THOUY HELENE;Candidat;00:25:55;1.03
Cnews;00_NATIONAL;THOUY HELENE;Soutiens;00:00:00;-
Cnews;00_NATIONAL;THOUY HELENE;Total Temps de parole;00:25:55;0.34
Cnews;00_NATIONAL;THOUY HELENE;Antenne;00:07:34;0.21
Cnews;00_NATIONAL;THOUY HELENE;Total Temps d'antenne;00:33:29;0.30
Cnews;00_NATIONAL;ZEMMOUR ERIC;Candidat;07:58:00;18.93
Cnews;00_NATIONAL;ZEMMOUR ERIC;Soutiens;07:45:27;8.94
Cnews;00_NATIONAL;ZEMMOUR ERIC;Total Temps de parole;15:43:27;12.20
Cnews;00_NATIONAL;ZEMMOUR ERIC;Antenne;15:56:25;27.01
Cnews;00_NATIONAL;ZEMMOUR ERIC;Total Temps d'antenne;31:39:52;16.86
Cnews;00_NATIONAL;Total candidats;Candidat;42:04:28;100.00
Cnews;00_NATIONAL;Total candidats;Soutiens;86:45:58;100.00
Cnews;00_NATIONAL;Total candidats;Total Temps de parole;128:50:26;100.00
Cnews;00_NATIONAL;Total candidats;Antenne;59:00:55;100.00
Cnews;00_NATIONAL;Total candidats;Total Temps d'antenne;187:51:21;100.00
RT France;00_NATIONAL;ARTHAUD NATHALIE;Candidat;00:00:00;-
RT France;00_NATIONAL;ARTHAUD NATHALIE;Soutiens;00:00:00;-
RT France;00_NATIONAL;ARTHAUD NATHALIE;Total Temps de parole;00:00:00;-
RT France;00_NATIONAL;ARTHAUD NATHALIE;Antenne;00:05:13;0.59
RT France;00_NATIONAL;ARTHAUD NATHALIE;Total Temps d'antenne;00:05:13;0.35
RT France;00_NATIONAL;DUPONT AIGNAN NICOLAS;Candidat;00:08:14;5.68
RT France;00_NATIONAL;DUPONT AIGNAN NICOLAS;Soutiens;00:00:00;-
RT France;00_NATIONAL;DUPONT AIGNAN NICOLAS;Total Temps de parole;00:08:14;1.37
RT France;00_NATIONAL;DUPONT AIGNAN NICOLAS;Antenne;00:01:54;0.21
RT France;00_NATIONAL;DUPONT AIGNAN NICOLAS;Total Temps d'antenne;00:10:08;0.68
RT France;00_NATIONAL;EGGER CLARA;Candidat;00:00:00;-
RT France;00_NATIONAL;EGGER CLARA;Soutiens;00:00:00;-
RT France;00_NATIONAL;EGGER CLARA;Total Temps de parole;00:00:00;-
RT France;00_NATIONAL;EGGER CLARA;Antenne;00:03:36;0.41
RT France;00_NATIONAL;EGGER CLARA;Total Temps d'antenne;00:03:36;0.24
RT France;00_NATIONAL;HIDALGO ANNE;Candidat;00:09:08;6.30
RT France;00_NATIONAL;HIDALGO ANNE;Soutiens;00:20:04;4.41
RT France;00_NATIONAL;HIDALGO ANNE;Total Temps de parole;00:29:12;4.87
RT France;00_NATIONAL;HIDALGO ANNE;Antenne;00:45:35;5.15
RT France;00_NATIONAL;HIDALGO ANNE;Total Temps d'antenne;01:14:47;5.04
RT France;00_NATIONAL;JADOT YANNICK;Candidat;00:11:04;7.63
RT France;00_NATIONAL;JADOT YANNICK;Soutiens;00:17:26;3.83
RT France;00_NATIONAL;JADOT YANNICK;Total Temps de parole;00:28:30;4.75
RT France;00_NATIONAL;JADOT YANNICK;Antenne;00:27:52;3.15
RT France;00_NATIONAL;JADOT YANNICK;Total Temps d'antenne;00:56:22;3.80
RT France;00_NATIONAL;KUZMANOVIC GEORGES;Candidat;00:00:00;-
RT France;00_NATIONAL;KUZMANOVIC GEORGES;Soutiens;00:00:00;-
RT France;00_NATIONAL;KUZMANOVIC GEORGES;Total Temps de parole;00:00:00;-
RT France;00_NATIONAL;KUZMANOVIC GEORGES;Antenne;00:00:20;0.04
RT France;00_NATIONAL;KUZMANOVIC GEORGES;Total Temps d'antenne;00:00:20;0.02
RT France;00_NATIONAL;LANGLOIS ALEXANDRE;Candidat;00:01:24;0.97
RT France;00_NATIONAL;LANGLOIS ALEXANDRE;Soutiens;00:00:00;-
RT France;00_NATIONAL;LANGLOIS ALEXANDRE;Total Temps de parole;00:01:24;0.23
RT France;00_NATIONAL;LANGLOIS ALEXANDRE;Antenne;00:00:00;-
RT France;00_NATIONAL;LANGLOIS ALEXANDRE;Total Temps d'antenne;00:01:24;0.09
RT France;00_NATIONAL;LE PEN MARINE;Candidat;00:17:26;12.02
RT France;00_NATIONAL;LE PEN MARINE;Soutiens;01:18:31;17.26
RT France;00_NATIONAL;LE PEN MARINE;Total Temps de parole;01:35:57;15.99
RT France;00_NATIONAL;LE PEN MARINE;Antenne;01:48:29;12.27
RT France;00_NATIONAL;LE PEN MARINE;Total Temps d'antenne;03:24:26;13.77
RT France;00_NATIONAL;MACRON EMMANUEL;Candidat;00:03:16;2.25
RT France;00_NATIONAL;MACRON EMMANUEL;Soutiens;01:42:10;22.46
RT France;00_NATIONAL;MACRON EMMANUEL;Total Temps de parole;01:45:26;17.57
RT France;00_NATIONAL;MACRON EMMANUEL;Antenne;03:49:25;25.94
RT France;00_NATIONAL;MACRON EMMANUEL;Total Temps d'antenne;05:34:51;22.56
RT France;00_NATIONAL;MELENCHON JEAN LUC;Candidat;00:15:04;10.39
RT France;00_NATIONAL;MELENCHON JEAN LUC;Soutiens;00:24:36;5.41
RT France;00_NATIONAL;MELENCHON JEAN LUC;Total Temps de parole;00:39:40;6.61
RT France;00_NATIONAL;MELENCHON JEAN LUC;Antenne;01:09:21;7.84
RT France;00_NATIONAL;MELENCHON JEAN LUC;Total Temps d'antenne;01:49:01;7.34
RT France;00_NATIONAL;MONTEBOURG ARNAUD;Candidat;00:00:00;-
RT France;00_NATIONAL;MONTEBOURG ARNAUD;Soutiens;00:02:43;0.60
RT France;00_NATIONAL;MONTEBOURG ARNAUD;Total Temps de parole;00:02:43;0.45
RT France;00_NATIONAL;MONTEBOURG ARNAUD;Antenne;00:07:21;0.83
RT France;00_NATIONAL;MONTEBOURG ARNAUD;Total Temps d'antenne;00:10:04;0.68
RT France;00_NATIONAL;PECRESSE VALERIE;Candidat;00:16:15;11.20
RT France;00_NATIONAL;PECRESSE VALERIE;Soutiens;01:47:10;23.56
RT France;00_NATIONAL;PECRESSE VALERIE;Total Temps de parole;02:03:25;20.57
RT France;00_NATIONAL;PECRESSE VALERIE;Antenne;03:01:18;20.50
RT France;00_NATIONAL;PECRESSE VALERIE;Total Temps d'antenne;05:04:43;20.53
RT France;00_NATIONAL;PHILIPPOT FLORIAN;Candidat;00:18:17;12.60
RT France;00_NATIONAL;PHILIPPOT FLORIAN;Soutiens;00:00:00;-
RT France;00_NATIONAL;PHILIPPOT FLORIAN;Total Temps de parole;00:18:17;3.05
RT France;00_NATIONAL;PHILIPPOT FLORIAN;Antenne;00:22:57;2.60
RT France;00_NATIONAL;PHILIPPOT FLORIAN;Total Temps d'antenne;00:41:14;2.78
RT France;00_NATIONAL;POUTOU PHILIPPE;Candidat;00:00:00;-
RT France;00_NATIONAL;POUTOU PHILIPPE;Soutiens;00:00:00;-
RT France;00_NATIONAL;POUTOU PHILIPPE;Total Temps de parole;00:00:00;-
RT France;00_NATIONAL;POUTOU PHILIPPE;Antenne;00:03:11;0.36
RT France;00_NATIONAL;POUTOU PHILIPPE;Total Temps d'antenne;00:03:11;0.21
RT France;00_NATIONAL;ROUSSEL FABIEN;Candidat;00:05:25;3.73
RT France;00_NATIONAL;ROUSSEL FABIEN;Soutiens;00:24:32;5.39
RT France;00_NATIONAL;ROUSSEL FABIEN;Total Temps de parole;00:29:57;4.99
RT France;00_NATIONAL;ROUSSEL FABIEN;Antenne;00:45:09;5.11
RT France;00_NATIONAL;ROUSSEL FABIEN;Total Temps d'antenne;01:15:06;5.06
RT France;00_NATIONAL;TAUBIRA CHRISTIANE;Candidat;00:25:45;17.75
RT France;00_NATIONAL;TAUBIRA CHRISTIANE;Soutiens;00:00:00;-
RT France;00_NATIONAL;TAUBIRA CHRISTIANE;Total Temps de parole;00:25:45;4.29
RT France;00_NATIONAL;TAUBIRA CHRISTIANE;Antenne;00:48:38;5.50
RT France;00_NATIONAL;TAUBIRA CHRISTIANE;Total Temps d'antenne;01:14:23;5.01
RT France;00_NATIONAL;ZEMMOUR ERIC;Candidat;00:13:45;9.48
RT France;00_NATIONAL;ZEMMOUR ERIC;Soutiens;01:17:45;17.09
RT France;00_NATIONAL;ZEMMOUR ERIC;Total Temps de parole;01:31:30;15.25
RT France;00_NATIONAL;ZEMMOUR ERIC;Antenne;01:23:58;9.50
RT France;00_NATIONAL;ZEMMOUR ERIC;Total Temps d'antenne;02:55:28;11.82
RT France;00_NATIONAL;Total candidats;Candidat;02:25:03;100.00
RT France;00_NATIONAL;Total candidats;Soutiens;07:34:57;100.00
RT France;00_NATIONAL;Total candidats;Total Temps de parole;10:00:00;100.00
RT France;00_NATIONAL;Total candidats;Antenne;14:44:17;100.00
RT France;00_NATIONAL;Total candidats;Total Temps d'antenne;24:44:17;100.00
RMCDecouverte;00_NATIONAL;JADOT YANNICK;Candidat;00:01:43;53.93
RMCDecouverte;00_NATIONAL;JADOT YANNICK;Soutiens;00:00:00;-
RMCDecouverte;00_NATIONAL;JADOT YANNICK;Total Temps de parole;00:01:43;19.18
RMCDecouverte;00_NATIONAL;JADOT YANNICK;Antenne;00:04:49;17.12
RMCDecouverte;00_NATIONAL;JADOT YANNICK;Total Temps d'antenne;00:06:32;17.62
RMCDecouverte;00_NATIONAL;MACRON EMMANUEL;Candidat;00:00:00;-
RMCDecouverte;00_NATIONAL;MACRON EMMANUEL;Soutiens;00:03:59;69.08
RMCDecouverte;00_NATIONAL;MACRON EMMANUEL;Total Temps de parole;00:03:59;44.51
RMCDecouverte;00_NATIONAL;MACRON EMMANUEL;Antenne;00:10:41;37.97
RMCDecouverte;00_NATIONAL;MACRON EMMANUEL;Total Temps d'antenne;00:14:40;39.55
RMCDecouverte;00_NATIONAL;PECRESSE VALERIE;Candidat;00:00:00;-
RMCDecouverte;00_NATIONAL;PECRESSE VALERIE;Soutiens;00:01:47;30.92
RMCDecouverte;00_NATIONAL;PECRESSE VALERIE;Total Temps de parole;00:01:47;19.93
RMCDecouverte;00_NATIONAL;PECRESSE VALERIE;Antenne;00:07:16;25.83
RMCDecouverte;00_NATIONAL;PECRESSE VALERIE;Total Temps d'antenne;00:09:03;24.40
RMCDecouverte;00_NATIONAL;ROUSSEL FABIEN;Candidat;00:00:52;27.23
RMCDecouverte;00_NATIONAL;ROUSSEL FABIEN;Soutiens;00:00:00;-
RMCDecouverte;00_NATIONAL;ROUSSEL FABIEN;Total Temps de parole;00:00:52;9.68
RMCDecouverte;00_NATIONAL;ROUSSEL FABIEN;Antenne;00:00:00;-
RMCDecouverte;00_NATIONAL;ROUSSEL FABIEN;Total Temps d'antenne;00:00:52;2.34
RMCDecouverte;00_NATIONAL;ZEMMOUR ERIC;Candidat;00:00:36;18.85
RMCDecouverte;00_NATIONAL;ZEMMOUR ERIC;Soutiens;00:00:00;-
RMCDecouverte;00_NATIONAL;ZEMMOUR ERIC;Total Temps de parole;00:00:36;6.70
RMCDecouverte;00_NATIONAL;ZEMMOUR ERIC;Antenne;00:05:22;19.08
RMCDecouverte;00_NATIONAL;ZEMMOUR ERIC;Total Temps d'antenne;00:05:58;16.09
RMCDecouverte;00_NATIONAL;Total candidats;Candidat;00:03:11;100.00
RMCDecouverte;00_NATIONAL;Total candidats;Soutiens;00:05:46;100.00
RMCDecouverte;00_NATIONAL;Total candidats;Total Temps de parole;00:08:57;100.00
RMCDecouverte;00_NATIONAL;Total candidats;Antenne;00:28:08;100.00
RMCDecouverte;00_NATIONAL;Total candidats;Total Temps d'antenne;00:37:05;100.00
RMC Story;00_NATIONAL;ARTHAUD NATHALIE;Candidat;00:00:33;0.43
RMC Story;00_NATIONAL;ARTHAUD NATHALIE;Soutiens;00:00:00;-
RMC Story;00_NATIONAL;ARTHAUD NATHALIE;Total Temps de parole;00:00:33;0.11
RMC Story;00_NATIONAL;ARTHAUD NATHALIE;Antenne;00:00:00;-
RMC Story;00_NATIONAL;ARTHAUD NATHALIE;Total Temps d'antenne;00:00:33;0.09
RMC Story;00_NATIONAL;ASSELINEAU FRANCOIS;Candidat;00:00:00;-
RMC Story;00_NATIONAL;ASSELINEAU FRANCOIS;Soutiens;00:03:05;0.86
RMC Story;00_NATIONAL;ASSELINEAU FRANCOIS;Total Temps de parole;00:03:05;0.63
RMC Story;00_NATIONAL;ASSELINEAU FRANCOIS;Antenne;00:00:00;-
RMC Story;00_NATIONAL;ASSELINEAU FRANCOIS;Total Temps d'antenne;00:03:05;0.49
RMC Story;00_NATIONAL;DUPONT AIGNAN NICOLAS;Candidat;00:00:52;0.68
RMC Story;00_NATIONAL;DUPONT AIGNAN NICOLAS;Soutiens;00:00:00;-
RMC Story;00_NATIONAL;DUPONT AIGNAN NICOLAS;Total Temps de parole;00:00:52;0.18
RMC Story;00_NATIONAL;DUPONT AIGNAN NICOLAS;Antenne;00:00:00;-
RMC Story;00_NATIONAL;DUPONT AIGNAN NICOLAS;Total Temps d'antenne;00:00:52;0.14
RMC Story;00_NATIONAL;HIDALGO ANNE;Candidat;00:04:02;3.19
RMC Story;00_NATIONAL;HIDALGO ANNE;Soutiens;00:07:02;1.96
RMC Story;00_NATIONAL;HIDALGO ANNE;Total Temps de parole;00:11:04;2.28
RMC Story;00_NATIONAL;HIDALGO ANNE;Antenne;00:06:30;4.49
RMC Story;00_NATIONAL;HIDALGO ANNE;Total Temps d'antenne;00:17:34;2.79
RMC Story;00_NATIONAL;JADOT YANNICK;Candidat;00:06:53;5.44
RMC Story;00_NATIONAL;JADOT YANNICK;Soutiens;00:26:09;7.28
RMC Story;00_NATIONAL;JADOT YANNICK;Total Temps de parole;00:33:02;6.80
RMC Story;00_NATIONAL;JADOT YANNICK;Antenne;00:01:35;1.09
RMC Story;00_NATIONAL;JADOT YANNICK;Total Temps d'antenne;00:34:37;5.49
RMC Story;00_NATIONAL;LASSALLE JEAN;Candidat;00:01:22;1.08
RMC Story;00_NATIONAL;LASSALLE JEAN;Soutiens;00:00:00;-
RMC Story;00_NATIONAL;LASSALLE JEAN;Total Temps de parole;00:01:22;0.28
RMC Story;00_NATIONAL;LASSALLE JEAN;Antenne;00:00:00;-
RMC Story;00_NATIONAL;LASSALLE JEAN;Total Temps d'antenne;00:01:22;0.22
RMC Story;00_NATIONAL;LE PEN MARINE;Candidat;00:04:31;3.57
RMC Story;00_NATIONAL;LE PEN MARINE;Soutiens;00:32:03;8.92
RMC Story;00_NATIONAL;LE PEN MARINE;Total Temps de parole;00:36:34;7.53
RMC Story;00_NATIONAL;LE PEN MARINE;Antenne;00:25:04;17.30
RMC Story;00_NATIONAL;LE PEN MARINE;Total Temps d'antenne;01:01:38;9.77
RMC Story;00_NATIONAL;MACRON EMMANUEL;Candidat;00:01:19;1.04
RMC Story;00_NATIONAL;MACRON EMMANUEL;Soutiens;01:20:35;22.43
RMC Story;00_NATIONAL;MACRON EMMANUEL;Total Temps de parole;01:21:54;16.86
RMC Story;00_NATIONAL;MACRON EMMANUEL;Antenne;00:38:24;26.50
RMC Story;00_NATIONAL;MACRON EMMANUEL;Total Temps d'antenne;02:00:18;19.07
RMC Story;00_NATIONAL;MARCHANDISE CHARLOTTE;Candidat;00:00:00;-
RMC Story;00_NATIONAL;MARCHANDISE CHARLOTTE;Soutiens;00:00:00;-
RMC Story;00_NATIONAL;MARCHANDISE CHARLOTTE;Total Temps de parole;00:00:00;-
RMC Story;00_NATIONAL;MARCHANDISE CHARLOTTE;Antenne;00:02:24;1.66
RMC Story;00_NATIONAL;MARCHANDISE CHARLOTTE;Total Temps d'antenne;00:02:24;0.38
RMC Story;00_NATIONAL;MELENCHON JEAN LUC;Candidat;00:09:47;7.73
RMC Story;00_NATIONAL;MELENCHON JEAN LUC;Soutiens;00:45:02;12.53
RMC Story;00_NATIONAL;MELENCHON JEAN LUC;Total Temps de parole;00:54:49;11.28
RMC Story;00_NATIONAL;MELENCHON JEAN LUC;Antenne;00:18:58;13.09
RMC Story;00_NATIONAL;MELENCHON JEAN LUC;Total Temps d'antenne;01:13:47;11.70
RMC Story;00_NATIONAL;PECRESSE VALERIE;Candidat;00:07:38;6.03
RMC Story;00_NATIONAL;PECRESSE VALERIE;Soutiens;01:02:41;17.45
RMC Story;00_NATIONAL;PECRESSE VALERIE;Total Temps de parole;01:10:19;14.47
RMC Story;00_NATIONAL;PECRESSE VALERIE;Antenne;00:12:07;8.36
RMC Story;00_NATIONAL;PECRESSE VALERIE;Total Temps d'antenne;01:22:26;13.07
RMC Story;00_NATIONAL;PHILIPPOT FLORIAN;Candidat;00:05:45;4.54
RMC Story;00_NATIONAL;PHILIPPOT FLORIAN;Soutiens;00:00:00;-
RMC Story;00_NATIONAL;PHILIPPOT FLORIAN;Total Temps de parole;00:05:45;1.18
RMC Story;00_NATIONAL;PHILIPPOT FLORIAN;Antenne;00:00:00;-
RMC Story;00_NATIONAL;PHILIPPOT FLORIAN;Total Temps d'antenne;00:05:45;0.91
RMC Story;00_NATIONAL;POUTOU PHILIPPE;Candidat;00:21:24;16.91
RMC Story;00_NATIONAL;POUTOU PHILIPPE;Soutiens;00:09:56;2.76
RMC Story;00_NATIONAL;POUTOU PHILIPPE;Total Temps de parole;00:31:20;6.45
RMC Story;00_NATIONAL;POUTOU PHILIPPE;Antenne;00:00:53;0.61
RMC Story;00_NATIONAL;POUTOU PHILIPPE;Total Temps d'antenne;00:32:13;5.11
RMC Story;00_NATIONAL;ROUSSEL FABIEN;Candidat;00:41:42;32.96
RMC Story;00_NATIONAL;ROUSSEL FABIEN;Soutiens;00:01:28;0.41
RMC Story;00_NATIONAL;ROUSSEL FABIEN;Total Temps de parole;00:43:10;8.89
RMC Story;00_NATIONAL;ROUSSEL FABIEN;Antenne;00:16:43;11.54
RMC Story;00_NATIONAL;ROUSSEL FABIEN;Total Temps d'antenne;00:59:53;9.49
RMC Story;00_NATIONAL;TAUBIRA CHRISTIANE;Candidat;00:03:55;3.10
RMC Story;00_NATIONAL;TAUBIRA CHRISTIANE;Soutiens;00:05:39;1.57
RMC Story;00_NATIONAL;TAUBIRA CHRISTIANE;Total Temps de parole;00:09:34;1.97
RMC Story;00_NATIONAL;TAUBIRA CHRISTIANE;Antenne;00:02:34;1.77
RMC Story;00_NATIONAL;TAUBIRA CHRISTIANE;Total Temps d'antenne;00:12:08;1.92
RMC Story;00_NATIONAL;THOUY HELENE;Candidat;00:05:08;4.06
RMC Story;00_NATIONAL;THOUY HELENE;Soutiens;00:00:00;-
RMC Story;00_NATIONAL;THOUY HELENE;Total Temps de parole;00:05:08;1.06
RMC Story;00_NATIONAL;THOUY HELENE;Antenne;00:00:00;-
RMC Story;00_NATIONAL;THOUY HELENE;Total Temps d'antenne;00:05:08;0.81
RMC Story;00_NATIONAL;ZEMMOUR ERIC;Candidat;00:11:41;9.23
RMC Story;00_NATIONAL;ZEMMOUR ERIC;Soutiens;01:25:38;23.83
RMC Story;00_NATIONAL;ZEMMOUR ERIC;Total Temps de parole;01:37:19;20.03
RMC Story;00_NATIONAL;ZEMMOUR ERIC;Antenne;00:19:43;13.61
RMC Story;00_NATIONAL;ZEMMOUR ERIC;Total Temps d'antenne;01:57:02;18.55
RMC Story;00_NATIONAL;Total candidats;Candidat;02:06:32;100.00
RMC Story;00_NATIONAL;Total candidats;Soutiens;05:59:18;100.00
RMC Story;00_NATIONAL;Total candidats;Total Temps de parole;08:05:50;100.00
RMC Story;00_NATIONAL;Total candidats;Antenne;02:24:55;100.00
RMC Story;00_NATIONAL;Total candidats;Total Temps d'antenne;10:30:45;100.00
LCI;00_NATIONAL;ARTHAUD NATHALIE;Candidat;00:16:46;0.57
LCI;00_NATIONAL;ARTHAUD NATHALIE;Soutiens;00:00:00;-
LCI;00_NATIONAL;ARTHAUD NATHALIE;Total Temps de parole;00:16:46;0.23
LCI;00_NATIONAL;ARTHAUD NATHALIE;Antenne;00:02:52;0.04
LCI;00_NATIONAL;ARTHAUD NATHALIE;Total Temps d'antenne;00:19:38;0.14
LCI;00_NATIONAL;CAU MARIE;Candidat;00:09:13;0.31
LCI;00_NATIONAL;CAU MARIE;Soutiens;00:00:00;-
LCI;00_NATIONAL;CAU MARIE;Total Temps de parole;00:09:13;0.12
LCI;00_NATIONAL;CAU MARIE;Antenne;00:00:57;0.01
LCI;00_NATIONAL;CAU MARIE;Total Temps d'antenne;00:10:10;0.07
LCI;00_NATIONAL;DUPONT AIGNAN NICOLAS;Candidat;02:41:20;5.48
LCI;00_NATIONAL;DUPONT AIGNAN NICOLAS;Soutiens;00:00:00;-
LCI;00_NATIONAL;DUPONT AIGNAN NICOLAS;Total Temps de parole;02:41:20;2.17
LCI;00_NATIONAL;DUPONT AIGNAN NICOLAS;Antenne;00:29:19;0.42
LCI;00_NATIONAL;DUPONT AIGNAN NICOLAS;Total Temps d'antenne;03:10:39;1.33
LCI;00_NATIONAL;HIDALGO ANNE;Candidat;02:26:59;4.99
LCI;00_NATIONAL;HIDALGO ANNE;Soutiens;01:45:44;2.35
LCI;00_NATIONAL;HIDALGO ANNE;Total Temps de parole;04:12:43;3.39
LCI;00_NATIONAL;HIDALGO ANNE;Antenne;02:55:04;2.54
LCI;00_NATIONAL;HIDALGO ANNE;Total Temps d'antenne;07:07:47;2.98
LCI;00_NATIONAL;JADOT YANNICK;Candidat;05:27:16;11.12
LCI;00_NATIONAL;JADOT YANNICK;Soutiens;02:22:24;3.16
LCI;00_NATIONAL;JADOT YANNICK;Total Temps de parole;07:49:40;6.31
LCI;00_NATIONAL;JADOT YANNICK;Antenne;03:35:14;3.12
LCI;00_NATIONAL;JADOT YANNICK;Total Temps d'antenne;11:24:54;4.77
LCI;00_NATIONAL;KOENIG GASPARD;Candidat;00:01:10;0.04
LCI;00_NATIONAL;KOENIG GASPARD;Soutiens;00:00:00;-
LCI;00_NATIONAL;KOENIG GASPARD;Total Temps de parole;00:01:10;0.02
LCI;00_NATIONAL;KOENIG GASPARD;Antenne;00:03:59;0.06
LCI;00_NATIONAL;KOENIG GASPARD;Total Temps d'antenne;00:05:09;0.04
LCI;00_NATIONAL;LASSALLE JEAN;Candidat;00:00:37;0.02
LCI;00_NATIONAL;LASSALLE JEAN;Soutiens;00:00:00;-
LCI;00_NATIONAL;LASSALLE JEAN;Total Temps de parole;00:00:37;0.01
LCI;00_NATIONAL;LASSALLE JEAN;Antenne;00:00:39;0.01
LCI;00_NATIONAL;LASSALLE JEAN;Total Temps d'antenne;00:01:16;0.01
LCI;00_NATIONAL;LE PEN MARINE;Candidat;06:11:08;12.61
LCI;00_NATIONAL;LE PEN MARINE;Soutiens;17:44:41;23.63
LCI;00_NATIONAL;LE PEN MARINE;Total Temps de parole;23:55:49;19.28
LCI;00_NATIONAL;LE PEN MARINE;Antenne;19:35:14;17.04
LCI;00_NATIONAL;LE PEN MARINE;Total Temps d'antenne;43:31:03;18.20
LCI;00_NATIONAL;MACRON EMMANUEL;Candidat;02:56:15;5.99
LCI;00_NATIONAL;MACRON EMMANUEL;Soutiens;16:29:18;21.96
LCI;00_NATIONAL;MACRON EMMANUEL;Total Temps de parole;19:25:33;15.65
LCI;00_NATIONAL;MACRON EMMANUEL;Antenne;26:08:57;22.74
LCI;00_NATIONAL;MACRON EMMANUEL;Total Temps d'antenne;45:34:30;19.06
LCI;00_NATIONAL;MELENCHON JEAN LUC;Candidat;06:35:05;13.42
LCI;00_NATIONAL;MELENCHON JEAN LUC;Soutiens;04:43:31;6.29
LCI;00_NATIONAL;MELENCHON JEAN LUC;Total Temps de parole;11:18:36;9.11
LCI;00_NATIONAL;MELENCHON JEAN LUC;Antenne;04:58:27;4.33
LCI;00_NATIONAL;MELENCHON JEAN LUC;Total Temps d'antenne;16:17:03;6.81
LCI;00_NATIONAL;MONTEBOURG ARNAUD;Candidat;00:00:27;0.02
LCI;00_NATIONAL;MONTEBOURG ARNAUD;Soutiens;00:00:00;-
LCI;00_NATIONAL;MONTEBOURG ARNAUD;Total Temps de parole;00:00:27;0.01
LCI;00_NATIONAL;MONTEBOURG ARNAUD;Antenne;00:05:54;0.09
LCI;00_NATIONAL;MONTEBOURG ARNAUD;Total Temps d'antenne;00:06:21;0.04
LCI;00_NATIONAL;PECRESSE VALERIE;Candidat;06:03:05;12.34
LCI;00_NATIONAL;PECRESSE VALERIE;Soutiens;18:19:00;24.39
LCI;00_NATIONAL;PECRESSE VALERIE;Total Temps de parole;24:22:05;19.63
LCI;00_NATIONAL;PECRESSE VALERIE;Antenne;25:31:31;22.20
LCI;00_NATIONAL;PECRESSE VALERIE;Total Temps d'antenne;49:53:36;20.87
LCI;00_NATIONAL;PHILIPPOT FLORIAN;Candidat;00:22:26;0.76
LCI;00_NATIONAL;PHILIPPOT FLORIAN;Soutiens;00:00:00;-
LCI;00_NATIONAL;PHILIPPOT FLORIAN;Total Temps de parole;00:22:26;0.30
LCI;00_NATIONAL;PHILIPPOT FLORIAN;Antenne;00:03:53;0.06
LCI;00_NATIONAL;PHILIPPOT FLORIAN;Total Temps d'antenne;00:26:19;0.18
LCI;00_NATIONAL;POUTOU PHILIPPE;Candidat;00:02:14;0.08
LCI;00_NATIONAL;POUTOU PHILIPPE;Soutiens;00:00:02;-
LCI;00_NATIONAL;POUTOU PHILIPPE;Total Temps de parole;00:02:16;0.03
LCI;00_NATIONAL;POUTOU PHILIPPE;Antenne;00:03:40;0.05
LCI;00_NATIONAL;POUTOU PHILIPPE;Total Temps d'antenne;00:05:56;0.04
LCI;00_NATIONAL;ROCCA MARTIN;Candidat;00:09:25;0.32
LCI;00_NATIONAL;ROCCA MARTIN;Soutiens;00:00:00;-
LCI;00_NATIONAL;ROCCA MARTIN;Total Temps de parole;00:09:25;0.13
LCI;00_NATIONAL;ROCCA MARTIN;Antenne;00:00:27;0.01
LCI;00_NATIONAL;ROCCA MARTIN;Total Temps d'antenne;00:09:52;0.07
LCI;00_NATIONAL;ROUSSEL FABIEN;Candidat;04:57:34;10.11
LCI;00_NATIONAL;ROUSSEL FABIEN;Soutiens;01:18:13;1.74
LCI;00_NATIONAL;ROUSSEL FABIEN;Total Temps de parole;06:15:47;5.05
LCI;00_NATIONAL;ROUSSEL FABIEN;Antenne;03:45:59;3.28
LCI;00_NATIONAL;ROUSSEL FABIEN;Total Temps d'antenne;10:01:46;4.19
LCI;00_NATIONAL;TAUBIRA CHRISTIANE;Candidat;01:25:57;2.92
LCI;00_NATIONAL;TAUBIRA CHRISTIANE;Soutiens;00:08:07;0.18
LCI;00_NATIONAL;TAUBIRA CHRISTIANE;Total Temps de parole;01:34:04;1.26
LCI;00_NATIONAL;TAUBIRA CHRISTIANE;Antenne;04:01:14;3.50
LCI;00_NATIONAL;TAUBIRA CHRISTIANE;Total Temps d'antenne;05:35:18;2.34
LCI;00_NATIONAL;THOUY HELENE;Candidat;00:11:10;0.38
LCI;00_NATIONAL;THOUY HELENE;Soutiens;00:00:00;-
LCI;00_NATIONAL;THOUY HELENE;Total Temps de parole;00:11:10;0.15
LCI;00_NATIONAL;THOUY HELENE;Antenne;00:05:39;0.08
LCI;00_NATIONAL;THOUY HELENE;Total Temps d'antenne;00:16:49;0.12
LCI;00_NATIONAL;ZEMMOUR ERIC;Candidat;09:04:47;18.51
LCI;00_NATIONAL;ZEMMOUR ERIC;Soutiens;12:14:27;16.30
LCI;00_NATIONAL;ZEMMOUR ERIC;Total Temps de parole;21:19:14;17.17
LCI;00_NATIONAL;ZEMMOUR ERIC;Antenne;23:29:37;20.43
LCI;00_NATIONAL;ZEMMOUR ERIC;Total Temps d'antenne;44:48:51;18.74
LCI;00_NATIONAL;Total candidats;Candidat;49:02:54;100.00
LCI;00_NATIONAL;Total candidats;Soutiens;75:05:27;100.00
LCI;00_NATIONAL;Total candidats;Total Temps de parole;124:08:21;100.00
LCI;00_NATIONAL;Total candidats;Antenne;114:58:36;100.00
LCI;00_NATIONAL;Total candidats;Total Temps d'antenne;239:06:57;100.00
FranceinfoTV;00_NATIONAL;AGUEB PORTERIE ANNA;Candidat;00:08:42;0.62
FranceinfoTV;00_NATIONAL;AGUEB PORTERIE ANNA;Soutiens;00:00:00;-
FranceinfoTV;00_NATIONAL;AGUEB PORTERIE ANNA;Total Temps de parole;00:08:42;0.28
FranceinfoTV;00_NATIONAL;AGUEB PORTERIE ANNA;Antenne;00:00:00;-
FranceinfoTV;00_NATIONAL;AGUEB PORTERIE ANNA;Total Temps d'antenne;00:08:42;0.25
FranceinfoTV;00_NATIONAL;ARTHAUD NATHALIE;Candidat;00:28:16;2.00
FranceinfoTV;00_NATIONAL;ARTHAUD NATHALIE;Soutiens;00:07:34;0.44
FranceinfoTV;00_NATIONAL;ARTHAUD NATHALIE;Total Temps de parole;00:35:50;1.14
FranceinfoTV;00_NATIONAL;ARTHAUD NATHALIE;Antenne;00:00:56;0.24
FranceinfoTV;00_NATIONAL;ARTHAUD NATHALIE;Total Temps d'antenne;00:36:46;1.05
FranceinfoTV;00_NATIONAL;ASSELINEAU FRANCOIS;Candidat;00:10:32;0.75
FranceinfoTV;00_NATIONAL;ASSELINEAU FRANCOIS;Soutiens;00:00:00;-
FranceinfoTV;00_NATIONAL;ASSELINEAU FRANCOIS;Total Temps de parole;00:10:32;0.34
FranceinfoTV;00_NATIONAL;ASSELINEAU FRANCOIS;Antenne;00:00:00;-
FranceinfoTV;00_NATIONAL;ASSELINEAU FRANCOIS;Total Temps d'antenne;00:10:32;0.30
FranceinfoTV;00_NATIONAL;DUPONT AIGNAN NICOLAS;Candidat;00:20:00;1.42
FranceinfoTV;00_NATIONAL;DUPONT AIGNAN NICOLAS;Soutiens;00:00:00;-
FranceinfoTV;00_NATIONAL;DUPONT AIGNAN NICOLAS;Total Temps de parole;00:20:00;0.64
FranceinfoTV;00_NATIONAL;DUPONT AIGNAN NICOLAS;Antenne;00:00:16;0.07
FranceinfoTV;00_NATIONAL;DUPONT AIGNAN NICOLAS;Total Temps d'antenne;00:20:16;0.58
FranceinfoTV;00_NATIONAL;HIDALGO ANNE;Candidat;03:15:43;13.87
FranceinfoTV;00_NATIONAL;HIDALGO ANNE;Soutiens;02:27:09;8.55
FranceinfoTV;00_NATIONAL;HIDALGO ANNE;Total Temps de parole;05:42:52;10.95
FranceinfoTV;00_NATIONAL;HIDALGO ANNE;Antenne;00:04:24;1.14
FranceinfoTV;00_NATIONAL;HIDALGO ANNE;Total Temps d'antenne;05:47:16;9.87
FranceinfoTV;00_NATIONAL;JADOT YANNICK;Candidat;02:59:34;12.73
FranceinfoTV;00_NATIONAL;JADOT YANNICK;Soutiens;02:25:15;8.44
FranceinfoTV;00_NATIONAL;JADOT YANNICK;Total Temps de parole;05:24:49;10.37
FranceinfoTV;00_NATIONAL;JADOT YANNICK;Antenne;00:25:14;6.53
FranceinfoTV;00_NATIONAL;JADOT YANNICK;Total Temps d'antenne;05:50:03;9.95
FranceinfoTV;00_NATIONAL;LARROUTUROU PIERRE;Candidat;00:11:55;0.84
FranceinfoTV;00_NATIONAL;LARROUTUROU PIERRE;Soutiens;00:00:00;-
FranceinfoTV;00_NATIONAL;LARROUTUROU PIERRE;Total Temps de parole;00:11:55;0.38
FranceinfoTV;00_NATIONAL;LARROUTUROU PIERRE;Antenne;00:00:00;-
FranceinfoTV;00_NATIONAL;LARROUTUROU PIERRE;Total Temps d'antenne;00:11:55;0.34
FranceinfoTV;00_NATIONAL;LASSALLE JEAN;Candidat;00:12:09;0.86
FranceinfoTV;00_NATIONAL;LASSALLE JEAN;Soutiens;00:00:00;-
FranceinfoTV;00_NATIONAL;LASSALLE JEAN;Total Temps de parole;00:12:09;0.39
FranceinfoTV;00_NATIONAL;LASSALLE JEAN;Antenne;00:00:00;-
FranceinfoTV;00_NATIONAL;LASSALLE JEAN;Total Temps d'antenne;00:12:09;0.35
FranceinfoTV;00_NATIONAL;LE PEN MARINE;Candidat;02:48:02;11.91
FranceinfoTV;00_NATIONAL;LE PEN MARINE;Soutiens;03:03:31;10.67
FranceinfoTV;00_NATIONAL;LE PEN MARINE;Total Temps de parole;05:51:33;11.23
FranceinfoTV;00_NATIONAL;LE PEN MARINE;Antenne;01:17:12;19.98
FranceinfoTV;00_NATIONAL;LE PEN MARINE;Total Temps d'antenne;07:08:45;12.19
FranceinfoTV;00_NATIONAL;MACRON EMMANUEL;Candidat;01:43:09;7.31
FranceinfoTV;00_NATIONAL;MACRON EMMANUEL;Soutiens;06:14:06;21.74
FranceinfoTV;00_NATIONAL;MACRON EMMANUEL;Total Temps de parole;07:57:15;15.24
FranceinfoTV;00_NATIONAL;MACRON EMMANUEL;Antenne;01:43:46;26.85
FranceinfoTV;00_NATIONAL;MACRON EMMANUEL;Total Temps d'antenne;09:41:01;16.52
FranceinfoTV;00_NATIONAL;MARCHANDISE CHARLOTTE;Candidat;00:09:21;0.66
FranceinfoTV;00_NATIONAL;MARCHANDISE CHARLOTTE;Soutiens;00:00:00;-
FranceinfoTV;00_NATIONAL;MARCHANDISE CHARLOTTE;Total Temps de parole;00:09:21;0.30
FranceinfoTV;00_NATIONAL;MARCHANDISE CHARLOTTE;Antenne;00:00:00;-
FranceinfoTV;00_NATIONAL;MARCHANDISE CHARLOTTE;Total Temps d'antenne;00:09:21;0.27
FranceinfoTV;00_NATIONAL;MELENCHON JEAN LUC;Candidat;02:38:27;11.23
FranceinfoTV;00_NATIONAL;MELENCHON JEAN LUC;Soutiens;03:47:48;13.24
FranceinfoTV;00_NATIONAL;MELENCHON JEAN LUC;Total Temps de parole;06:26:15;12.34
FranceinfoTV;00_NATIONAL;MELENCHON JEAN LUC;Antenne;00:24:07;6.24
FranceinfoTV;00_NATIONAL;MELENCHON JEAN LUC;Total Temps d'antenne;06:50:22;11.67
FranceinfoTV;00_NATIONAL;PECRESSE VALERIE;Candidat;02:03:53;8.78
FranceinfoTV;00_NATIONAL;PECRESSE VALERIE;Soutiens;06:24:31;22.35
FranceinfoTV;00_NATIONAL;PECRESSE VALERIE;Total Temps de parole;08:28:24;16.24
FranceinfoTV;00_NATIONAL;PECRESSE VALERIE;Antenne;00:32:47;8.48
FranceinfoTV;00_NATIONAL;PECRESSE VALERIE;Total Temps d'antenne;09:01:11;15.39
FranceinfoTV;00_NATIONAL;PHILIPPOT FLORIAN;Candidat;00:03:24;0.24
FranceinfoTV;00_NATIONAL;PHILIPPOT FLORIAN;Soutiens;00:00:00;-
FranceinfoTV;00_NATIONAL;PHILIPPOT FLORIAN;Total Temps de parole;00:03:24;0.11
FranceinfoTV;00_NATIONAL;PHILIPPOT FLORIAN;Antenne;00:00:00;-
FranceinfoTV;00_NATIONAL;PHILIPPOT FLORIAN;Total Temps d'antenne;00:03:24;0.10
FranceinfoTV;00_NATIONAL;ROCCA MARTIN;Candidat;00:04:05;0.29
FranceinfoTV;00_NATIONAL;ROCCA MARTIN;Soutiens;00:00:00;-
FranceinfoTV;00_NATIONAL;ROCCA MARTIN;Total Temps de parole;00:04:05;0.13
FranceinfoTV;00_NATIONAL;ROCCA MARTIN;Antenne;00:00:00;-
FranceinfoTV;00_NATIONAL;ROCCA MARTIN;Total Temps d'antenne;00:04:05;0.12
FranceinfoTV;00_NATIONAL;ROUSSEL FABIEN;Candidat;01:37:01;6.88
FranceinfoTV;00_NATIONAL;ROUSSEL FABIEN;Soutiens;00:43:29;2.53
FranceinfoTV;00_NATIONAL;ROUSSEL FABIEN;Total Temps de parole;02:20:30;4.49
FranceinfoTV;00_NATIONAL;ROUSSEL FABIEN;Antenne;00:52:13;13.51
FranceinfoTV;00_NATIONAL;ROUSSEL FABIEN;Total Temps d'antenne;03:12:43;5.48
FranceinfoTV;00_NATIONAL;TAUBIRA CHRISTIANE;Candidat;02:00:44;8.56
FranceinfoTV;00_NATIONAL;TAUBIRA CHRISTIANE;Soutiens;00:46:09;2.68
FranceinfoTV;00_NATIONAL;TAUBIRA CHRISTIANE;Total Temps de parole;02:46:53;5.33
FranceinfoTV;00_NATIONAL;TAUBIRA CHRISTIANE;Antenne;00:24:42;6.39
FranceinfoTV;00_NATIONAL;TAUBIRA CHRISTIANE;Total Temps d'antenne;03:11:35;5.45
FranceinfoTV;00_NATIONAL;THOUY HELENE;Candidat;00:27:20;1.94
FranceinfoTV;00_NATIONAL;THOUY HELENE;Soutiens;00:00:00;-
FranceinfoTV;00_NATIONAL;THOUY HELENE;Total Temps de parole;00:27:20;0.87
FranceinfoTV;00_NATIONAL;THOUY HELENE;Antenne;00:00:37;0.16
FranceinfoTV;00_NATIONAL;THOUY HELENE;Total Temps d'antenne;00:27:57;0.79
FranceinfoTV;00_NATIONAL;ZEMMOUR ERIC;Candidat;02:08:19;9.10
FranceinfoTV;00_NATIONAL;ZEMMOUR ERIC;Soutiens;02:40:59;9.36
FranceinfoTV;00_NATIONAL;ZEMMOUR ERIC;Total Temps de parole;04:49:18;9.24
FranceinfoTV;00_NATIONAL;ZEMMOUR ERIC;Antenne;00:40:12;10.40
FranceinfoTV;00_NATIONAL;ZEMMOUR ERIC;Total Temps d'antenne;05:29:30;9.37
FranceinfoTV;00_NATIONAL;Total candidats;Candidat;23:30:36;100.00
FranceinfoTV;00_NATIONAL;Total candidats;Soutiens;28:40:31;100.00
FranceinfoTV;00_NATIONAL;Total candidats;Total Temps de parole;52:11:07;100.00
FranceinfoTV;00_NATIONAL;Total candidats;Antenne;06:26:26;100.00
FranceinfoTV;00_NATIONAL;Total candidats;Total Temps d'antenne;58:37:33;100.00
France24;00_NATIONAL;ARTHAUD NATHALIE;Candidat;00:28:11;8.67
France24;00_NATIONAL;ARTHAUD NATHALIE;Soutiens;00:00:00;-
France24;00_NATIONAL;ARTHAUD NATHALIE;Total Temps de parole;00:28:11;5.09
France24;00_NATIONAL;ARTHAUD NATHALIE;Antenne;00:00:00;-
France24;00_NATIONAL;ARTHAUD NATHALIE;Total Temps d'antenne;00:28:11;2.03
France24;00_NATIONAL;DUPONT AIGNAN NICOLAS;Candidat;00:30:27;9.36
France24;00_NATIONAL;DUPONT AIGNAN NICOLAS;Soutiens;00:00:00;-
France24;00_NATIONAL;DUPONT AIGNAN NICOLAS;Total Temps de parole;00:30:27;5.50
France24;00_NATIONAL;DUPONT AIGNAN NICOLAS;Antenne;00:00:58;0.12
France24;00_NATIONAL;DUPONT AIGNAN NICOLAS;Total Temps d'antenne;00:31:25;2.26
France24;00_NATIONAL;HIDALGO ANNE;Candidat;00:43:45;13.45
France24;00_NATIONAL;HIDALGO ANNE;Soutiens;00:12:37;5.52
France24;00_NATIONAL;HIDALGO ANNE;Total Temps de parole;00:56:22;10.18
France24;00_NATIONAL;HIDALGO ANNE;Antenne;00:28:22;3.40
France24;00_NATIONAL;HIDALGO ANNE;Total Temps d'antenne;01:24:44;6.10
France24;00_NATIONAL;JADOT YANNICK;Candidat;00:30:40;9.43
France24;00_NATIONAL;JADOT YANNICK;Soutiens;00:31:07;13.62
France24;00_NATIONAL;JADOT YANNICK;Total Temps de parole;01:01:47;11.16
France24;00_NATIONAL;JADOT YANNICK;Antenne;00:24:13;2.90
France24;00_NATIONAL;JADOT YANNICK;Total Temps d'antenne;01:26:00;6.20
France24;00_NATIONAL;LARROUTUROU PIERRE;Candidat;00:00:00;-
France24;00_NATIONAL;LARROUTUROU PIERRE;Soutiens;00:00:00;-
France24;00_NATIONAL;LARROUTUROU PIERRE;Total Temps de parole;00:00:00;-
France24;00_NATIONAL;LARROUTUROU PIERRE;Antenne;00:00:24;0.05
France24;00_NATIONAL;LARROUTUROU PIERRE;Total Temps d'antenne;00:00:24;0.03
France24;00_NATIONAL;LE PEN MARINE;Candidat;00:25:59;7.99
France24;00_NATIONAL;LE PEN MARINE;Soutiens;00:28:21;12.41
France24;00_NATIONAL;LE PEN MARINE;Total Temps de parole;00:54:20;9.81
France24;00_NATIONAL;LE PEN MARINE;Antenne;01:36:10;11.53
France24;00_NATIONAL;LE PEN MARINE;Total Temps d'antenne;02:30:30;10.84
France24;00_NATIONAL;MACRON EMMANUEL;Candidat;00:38:42;11.90
France24;00_NATIONAL;MACRON EMMANUEL;Soutiens;01:23:17;36.44
France24;00_NATIONAL;MACRON EMMANUEL;Total Temps de parole;02:01:59;22.03
France24;00_NATIONAL;MACRON EMMANUEL;Antenne;05:23:21;38.76
France24;00_NATIONAL;MACRON EMMANUEL;Total Temps d'antenne;07:25:20;32.09
France24;00_NATIONAL;MELENCHON JEAN LUC;Candidat;00:17:26;5.36
France24;00_NATIONAL;MELENCHON JEAN LUC;Soutiens;00:50:06;21.92
France24;00_NATIONAL;MELENCHON JEAN LUC;Total Temps de parole;01:07:32;12.19
France24;00_NATIONAL;MELENCHON JEAN LUC;Antenne;01:00:16;7.22
France24;00_NATIONAL;MELENCHON JEAN LUC;Total Temps d'antenne;02:07:48;9.21
France24;00_NATIONAL;PECRESSE VALERIE;Candidat;00:25:35;7.87
France24;00_NATIONAL;PECRESSE VALERIE;Soutiens;00:21:38;9.47
France24;00_NATIONAL;PECRESSE VALERIE;Total Temps de parole;00:47:13;8.53
France24;00_NATIONAL;PECRESSE VALERIE;Antenne;01:55:34;13.85
France24;00_NATIONAL;PECRESSE VALERIE;Total Temps d'antenne;02:42:47;11.73
France24;00_NATIONAL;ROUSSEL FABIEN;Candidat;00:33:38;10.34
France24;00_NATIONAL;ROUSSEL FABIEN;Soutiens;00:00:16;0.12
France24;00_NATIONAL;ROUSSEL FABIEN;Total Temps de parole;00:33:54;6.12
France24;00_NATIONAL;ROUSSEL FABIEN;Antenne;00:22:52;2.74
France24;00_NATIONAL;ROUSSEL FABIEN;Total Temps d'antenne;00:56:46;4.09
France24;00_NATIONAL;TAUBIRA CHRISTIANE;Candidat;00:31:13;9.60
France24;00_NATIONAL;TAUBIRA CHRISTIANE;Soutiens;00:00:00;-
France24;00_NATIONAL;TAUBIRA CHRISTIANE;Total Temps de parole;00:31:13;5.64
France24;00_NATIONAL;TAUBIRA CHRISTIANE;Antenne;01:14:17;8.91
France24;00_NATIONAL;TAUBIRA CHRISTIANE;Total Temps d'antenne;01:45:30;7.60
France24;00_NATIONAL;ZEMMOUR ERIC;Candidat;00:19:39;6.04
France24;00_NATIONAL;ZEMMOUR ERIC;Soutiens;00:01:10;0.51
France24;00_NATIONAL;ZEMMOUR ERIC;Total Temps de parole;00:20:49;3.76
France24;00_NATIONAL;ZEMMOUR ERIC;Antenne;01:27:43;10.52
France24;00_NATIONAL;ZEMMOUR ERIC;Total Temps d'antenne;01:48:32;7.82
France24;00_NATIONAL;Total candidats;Candidat;05:25:15;100.00
France24;00_NATIONAL;Total candidats;Soutiens;03:48:32;100.00
France24;00_NATIONAL;Total candidats;Total Temps de parole;09:13:47;100.00
France24;00_NATIONAL;Total candidats;Antenne;13:54:10;100.00
France24;00_NATIONAL;Total candidats;Total Temps d'antenne;23:07:57;100.00
Euronews;00_NATIONAL;HIDALGO ANNE;Candidat;00:00:00;-
Euronews;00_NATIONAL;HIDALGO ANNE;Soutiens;00:00:00;-
Euronews;00_NATIONAL;HIDALGO ANNE;Total Temps de parole;00:00:00;-
Euronews;00_NATIONAL;HIDALGO ANNE;Antenne;00:03:35;1.83
Euronews;00_NATIONAL;HIDALGO ANNE;Total Temps d'antenne;00:03:35;1.26
Euronews;00_NATIONAL;JADOT YANNICK;Candidat;00:21:11;24.01
Euronews;00_NATIONAL;JADOT YANNICK;Soutiens;00:00:00;-
Euronews;00_NATIONAL;JADOT YANNICK;Total Temps de parole;00:21:11;24.01
Euronews;00_NATIONAL;JADOT YANNICK;Antenne;00:20:15;10.33
Euronews;00_NATIONAL;JADOT YANNICK;Total Temps d'antenne;00:41:26;14.57
Euronews;00_NATIONAL;LE PEN MARINE;Candidat;00:00:00;-
Euronews;00_NATIONAL;LE PEN MARINE;Soutiens;00:00:00;-
Euronews;00_NATIONAL;LE PEN MARINE;Total Temps de parole;00:00:00;-
Euronews;00_NATIONAL;LE PEN MARINE;Antenne;00:01:44;0.88
Euronews;00_NATIONAL;LE PEN MARINE;Total Temps d'antenne;00:01:44;0.61
Euronews;00_NATIONAL;MACRON EMMANUEL;Candidat;00:36:24;41.25
Euronews;00_NATIONAL;MACRON EMMANUEL;Soutiens;00:00:00;-
Euronews;00_NATIONAL;MACRON EMMANUEL;Total Temps de parole;00:36:24;41.25
Euronews;00_NATIONAL;MACRON EMMANUEL;Antenne;01:23:21;42.50
Euronews;00_NATIONAL;MACRON EMMANUEL;Total Temps d'antenne;01:59:45;42.11
Euronews;00_NATIONAL;MELENCHON JEAN LUC;Candidat;00:00:00;-
Euronews;00_NATIONAL;MELENCHON JEAN LUC;Soutiens;00:00:00;-
Euronews;00_NATIONAL;MELENCHON JEAN LUC;Total Temps de parole;00:00:00;-
Euronews;00_NATIONAL;MELENCHON JEAN LUC;Antenne;00:18:10;9.26
Euronews;00_NATIONAL;MELENCHON JEAN LUC;Total Temps d'antenne;00:18:10;6.39
Euronews;00_NATIONAL;PECRESSE VALERIE;Candidat;00:03:02;3.44
Euronews;00_NATIONAL;PECRESSE VALERIE;Soutiens;00:00:00;-
Euronews;00_NATIONAL;PECRESSE VALERIE;Total Temps de parole;00:03:02;3.44
Euronews;00_NATIONAL;PECRESSE VALERIE;Antenne;00:18:06;9.23
Euronews;00_NATIONAL;PECRESSE VALERIE;Total Temps d'antenne;00:21:08;7.43
Euronews;00_NATIONAL;TAUBIRA CHRISTIANE;Candidat;00:27:37;31.30
Euronews;00_NATIONAL;TAUBIRA CHRISTIANE;Soutiens;00:00:00;-
Euronews;00_NATIONAL;TAUBIRA CHRISTIANE;Total Temps de parole;00:27:37;31.30
Euronews;00_NATIONAL;TAUBIRA CHRISTIANE;Antenne;00:45:31;23.21
Euronews;00_NATIONAL;TAUBIRA CHRISTIANE;Total Temps d'antenne;01:13:08;25.72
Euronews;00_NATIONAL;ZEMMOUR ERIC;Candidat;00:00:00;-
Euronews;00_NATIONAL;ZEMMOUR ERIC;Soutiens;00:00:00;-
Euronews;00_NATIONAL;ZEMMOUR ERIC;Total Temps de parole;00:00:00;-
Euronews;00_NATIONAL;ZEMMOUR ERIC;Antenne;00:05:25;2.76
Euronews;00_NATIONAL;ZEMMOUR ERIC;Total Temps d'antenne;00:05:25;1.90
Euronews;00_NATIONAL;Total candidats;Candidat;01:28:14;100.00
Euronews;00_NATIONAL;Total candidats;Soutiens;00:00:00;-
Euronews;00_NATIONAL;Total candidats;Total Temps de parole;01:28:14;100.00
Euronews;00_NATIONAL;Total candidats;Antenne;03:16:07;100.00
Euronews;00_NATIONAL;Total candidats;Total Temps d'antenne;04:44:21;100.00